name,base_url,country,region,source_family,source_role,status,policy_lane,iran_status,iran_eligibility,kyc_requirement,payment_capabilities,source_verification_state,verification_state,execution_ready,market_intelligence_value,evidence_score,verification_basis,iran_policy_url,kyc_evidence_url,payout_evidence_url,terms_evidence_url,last_verified_at,discovery_basis
LOCAL_TEST,http://127.0.0.1:8765/feed.json,local,local,test,source,disabled,REVIEW,,UNKNOWN,UNKNOWN,[],DISCOVERED,verified,False,MEDIUM,0,,,,,,,existing_v4.14_registry
RemoteOK,https://remoteok.com/,Global,Global,job_marketplace,freelance_marketplace,candidate,NEEDS_ANALYSIS,UNKNOWN,UNKNOWN,UNKNOWN,[],DISCOVERED,documented,False,HIGH,15,official_public_site_catalog,,,,,,existing_v4.14_registry
WeWorkRemotely,https://weworkremotely.com/remote-jobs.rss,Global,Global,job_board,job_marketplace,active,GLOBAL_DISCOVERY,UNKNOWN,UNKNOWN,UNKNOWN,[],DISCOVERED,documented,False,HIGH,55,public_rss_feed,https://weworkremotely.com/remote-jobs.rss,,,,2026-09-11,existing_v4.14_registry
Remotive,https://remotive.com/,Global,Global,job_marketplace,freelance_marketplace,candidate,NEEDS_ANALYSIS,UNKNOWN,UNKNOWN,UNKNOWN,[],DISCOVERED,documented,False,HIGH,15,official_public_site_catalog,,,,,,existing_v4.14_registry
Jobicy,https://jobicy.com/,Global,Global,job_marketplace,freelance_marketplace,candidate,NEEDS_ANALYSIS,UNKNOWN,UNKNOWN,UNKNOWN,[],DISCOVERED,documented,False,HIGH,15,official_public_site_catalog,,,,,,existing_v4.14_registry
JobRemotely,https://jobremotely.io/api/v1/jobs?limit=50&sort=newest,Global,Global,job_board,job_marketplace,active,GLOBAL_DISCOVERY,UNKNOWN,UNKNOWN,UNKNOWN,[],DISCOVERED,documented,False,HIGH,55,public_read_api,https://jobremotely.io/api/v1/jobs?limit=50&sort=newest,,,,2026-09-11,existing_v4.14_registry
Himalayas,https://himalayas.app/,Global,Global,job_marketplace,freelance_marketplace,candidate,NEEDS_ANALYSIS,UNKNOWN,UNKNOWN,UNKNOWN,[],DISCOVERED,documented,False,HIGH,15,official_public_site_catalog,,,,,,existing_v4.14_registry
Arbeitnow,https://www.arbeitnow.com/api/job-board-api,Germany,Europe,job_board,job_marketplace,active,GLOBAL_DISCOVERY,UNKNOWN,UNKNOWN,UNKNOWN,[],DISCOVERED,documented,False,HIGH,55,public_job_api,https://www.arbeitnow.com/api/job-board-api,,,,2026-09-11,existing_v4.14_registry
HH_RU,https://api.hh.ru/vacancies?text=python&per_page=50&host=hh.ru,Russia,Eastern Europe,job_board,job_marketplace,active,GLOBAL_DISCOVERY,UNKNOWN,UNKNOWN,UNKNOWN,[],DISCOVERED,documented,False,HIGH,55,official_open_api,https://api.hh.ru/vacancies?text=python&per_page=50&host=hh.ru,,,,2026-09-11,existing_v4.14_registry
HH_KZ,https://api.hh.ru/vacancies?text=python&per_page=50&host=hh.kz,Kazakhstan,Central Asia,job_board,job_marketplace,active,GLOBAL_DISCOVERY,UNKNOWN,UNKNOWN,UNKNOWN,[],DISCOVERED,documented,False,HIGH,55,official_open_api,https://api.hh.ru/vacancies?text=python&per_page=50&host=hh.kz,,,,2026-09-11,existing_v4.14_registry
HH_UZ,https://api.hh.ru/vacancies?text=python&per_page=50&host=hh.uz,Uzbekistan,Central Asia,job_board,job_marketplace,active,GLOBAL_DISCOVERY,UNKNOWN,UNKNOWN,UNKNOWN,[],DISCOVERED,documented,False,HIGH,55,official_open_api,https://api.hh.ru/vacancies?text=python&per_page=50&host=hh.uz,,,,2026-09-11,existing_v4.14_registry
HH_GE,https://api.hh.ru/vacancies?text=python&per_page=50&host=headhunter.ge,Georgia,Caucasus,job_board,job_marketplace,active,GLOBAL_DISCOVERY,UNKNOWN,UNKNOWN,UNKNOWN,[],DISCOVERED,documented,False,HIGH,55,official_open_api,https://api.hh.ru/vacancies?text=python&per_page=50&host=headhunter.ge,,,,2026-09-11,existing_v4.14_registry
HH_AZ,https://api.hh.ru/vacancies?text=python&per_page=50&host=hh1.az,Azerbaijan,Caucasus,job_board,job_marketplace,active,GLOBAL_DISCOVERY,UNKNOWN,UNKNOWN,UNKNOWN,[],DISCOVERED,documented,False,HIGH,55,official_open_api,https://api.hh.ru/vacancies?text=python&per_page=50&host=hh1.az,,,,2026-09-11,existing_v4.14_registry
Bayt_MENA,https://www.bayt.com/,Global,Middle East,job_marketplace,job_marketplace,active,GLOBAL_DISCOVERY,UNKNOWN,UNKNOWN,UNKNOWN,[],DISCOVERED,documented,False,HIGH,55,official_public_site_catalog,https://www.bayt.com/,,,,2026-09-11,existing_v4.14_registry
GulfTalent_UAE,https://www.gulftalent.com/uae/jobs,United Arab Emirates,Middle East,job_board,job_marketplace,active,GLOBAL_DISCOVERY,UNKNOWN,UNKNOWN,UNKNOWN,[],DISCOVERED,documented,False,HIGH,55,public_job_listing,https://www.gulftalent.com/uae/jobs,,,,2026-09-11,existing_v4.14_registry
Wuzzuf_Egypt,https://wuzzuf.net/,Global,Africa,job_marketplace,job_marketplace,active,GLOBAL_DISCOVERY,UNKNOWN,UNKNOWN,UNKNOWN,[],DISCOVERED,documented,False,HIGH,55,official_public_site_catalog,https://wuzzuf.net/,,,,2026-09-11,existing_v4.14_registry
TokyoDev_Japan,https://www.tokyodev.com/jobs,Japan,East Asia,job_board,job_marketplace,active,GLOBAL_DISCOVERY,UNKNOWN,UNKNOWN,UNKNOWN,[],DISCOVERED,documented,False,HIGH,55,public_job_listing,https://www.tokyodev.com/jobs,,,,2026-09-11,existing_v4.14_registry
JapanDev,https://japan-dev.com/,Global,East Asia,job_marketplace,job_marketplace,active,GLOBAL_DISCOVERY,UNKNOWN,UNKNOWN,UNKNOWN,[],DISCOVERED,documented,False,HIGH,55,official_public_site_catalog,https://japan-dev.com/,,,,2026-09-11,existing_v4.14_registry
Wanted_Korea,https://www.wanted.co.kr/,Global,East Asia,job_marketplace,job_marketplace,active,GLOBAL_DISCOVERY,UNKNOWN,UNKNOWN,UNKNOWN,[],DISCOVERED,documented,False,HIGH,55,official_public_site_catalog,https://www.wanted.co.kr/,,,,2026-09-11,existing_v4.14_registry
Telegram_Authorized,https://api.telegram.org/bot${TELEGRAM_BOT_TOKEN}/getUpdates,Global,Global,telegram,source,candidate,NEEDS_ANALYSIS,,UNKNOWN,UNKNOWN,[],DISCOVERED,unverified,False,MEDIUM,15,official_bot_api,,,,,,existing_v4.14_registry
Reddit_Authorized,https://oauth.reddit.com/r/programming/new.json?limit=50,Global,Global,reddit,source,candidate,NEEDS_ANALYSIS,,UNKNOWN,UNKNOWN,[],DISCOVERED,unverified,False,MEDIUM,15,official_data_api,,,,,,existing_v4.14_registry
X_Authorized,https://api.x.com/2/tweets/search/recent?query=python,Global,Global,x,source,candidate,NEEDS_ANALYSIS,,UNKNOWN,UNKNOWN,[],DISCOVERED,unverified,False,MEDIUM,15,official_api,,,,,,existing_v4.14_registry
LinkedIn_Authorized,https://api.linkedin.com/v2/jobs,Global,Global,linkedin,source,candidate,NEEDS_ANALYSIS,,UNKNOWN,UNKNOWN,[],DISCOVERED,unverified,False,MEDIUM,15,official_api,,,,,,existing_v4.14_registry
Jobinja_Iran,https://jobinja.ir/,Iran,Iran,freelance_iran,job_marketplace,active,DAILY_PROJECT_SCAN,ALLOW,ALLOW,UNKNOWN,[],DISCOVERED,documented,False,HIGH,55,official_public_site_catalog,https://jobinja.ir/,,,,2026-09-11,existing_v4.14_registry
JobVision_Iran,https://jobvision.ir/,Iran,Iran,freelance_iran,job_marketplace,active,DAILY_PROJECT_SCAN,ALLOW,ALLOW,UNKNOWN,[],DISCOVERED,documented,False,HIGH,55,official_public_site_catalog,https://jobvision.ir/,,,,2026-09-11,existing_v4.14_registry
IranTalent,https://www.irantalent.com/,Iran,Iran,freelance_iran,job_marketplace,active,DAILY_PROJECT_SCAN,ALLOW,ALLOW,UNKNOWN,[],DISCOVERED,documented,False,HIGH,55,official_public_site_catalog,https://www.irantalent.com/,,,,2026-09-11,existing_v4.14_registry
eEstekhdam_Iran,https://www.e-estekhdam.com/,Iran,Iran,freelance_iran,job_marketplace,active,DAILY_PROJECT_SCAN,ALLOW,ALLOW,UNKNOWN,[],DISCOVERED,documented,False,HIGH,55,official_public_site_catalog,https://www.e-estekhdam.com/,,,,2026-09-11,existing_v4.14_registry
Ponisha_Iran,https://ponisha.ir/,Iran,Iran,freelance_iran,job_marketplace,active,DAILY_PROJECT_SCAN,ALLOW,ALLOW,UNKNOWN,[],DISCOVERED,documented,False,HIGH,55,official_public_site_catalog,https://ponisha.ir/,,,,2026-09-11,existing_v4.14_registry
ParsCoders_Iran,https://parscoders.com/,Iran,Iran,freelance_iran,job_marketplace,active,DAILY_PROJECT_SCAN,ALLOW,ALLOW,UNKNOWN,[],DISCOVERED,documented,False,HIGH,55,official_public_site_catalog,https://parscoders.com/,,,,2026-09-11,existing_v4.14_registry
Karlancer_Iran,https://karlancer.com/,Iran,Iran,freelance_iran,job_marketplace,active,DAILY_PROJECT_SCAN,ALLOW,ALLOW,UNKNOWN,[],DISCOVERED,documented,False,HIGH,55,official_public_site_catalog,https://karlancer.com/,,,,2026-09-11,existing_v4.14_registry
AnjamMidam_Iran,https://anjammidam.com/,Iran,Iran,freelance_iran,job_marketplace,active,DAILY_PROJECT_SCAN,ALLOW,ALLOW,UNKNOWN,[],DISCOVERED,documented,False,HIGH,55,official_public_site_catalog,https://anjammidam.com/,,,,2026-09-11,existing_v4.14_registry
Typiran_Iran,https://typiran.com/,Iran,Iran,freelance_iran,job_marketplace,active,DAILY_PROJECT_SCAN,ALLOW,ALLOW,UNKNOWN,[],DISCOVERED,documented,False,HIGH,55,official_public_site_catalog,https://typiran.com/,,,,2026-09-11,existing_v4.14_registry
Quera_Iran,https://quera.org/,Iran,Iran,freelance_iran,job_marketplace,active,DAILY_PROJECT_SCAN,ALLOW,ALLOW,UNKNOWN,[],DISCOVERED,documented,False,HIGH,55,official_public_site_catalog,https://quera.org/,,,,2026-09-11,existing_v4.14_registry
Upwork,https://www.upwork.com/,Global,Global,job_marketplace,freelance_marketplace,candidate,BLOCKED_IRAN,BLOCK,BLOCK,UNKNOWN,[],DISCOVERED,documented,False,HIGH,45,official_public_site_catalog,https://support.upwork.com/hc/en-us/articles/211067778-Who-s-eligible-to-join-and-use-Upwork,,,,,existing_v4.14_registry
Freelancer,https://www.freelancer.com/,Global,Global,job_marketplace,freelance_marketplace,candidate,BLOCKED_IRAN,BLOCK,BLOCK,UNKNOWN,[],DISCOVERED,documented,False,HIGH,45,official_public_site_catalog,https://www.freelancer.com/support/General/restrictions-in-some-countries,,,,,existing_v4.14_registry
Fiverr,https://www.fiverr.com/,Global,Global,job_marketplace,freelance_marketplace,candidate,BLOCKED_IRAN,BLOCK,BLOCK,UNKNOWN,[],DISCOVERED,documented,False,HIGH,25,official_public_site_catalog,,,,,,existing_v4.14_registry
PeoplePerHour,https://www.peopleperhour.com/,Global,Global,job_marketplace,freelance_marketplace,candidate,BLOCKED_IRAN,BLOCK,BLOCK,UNKNOWN,[],DISCOVERED,documented,False,HIGH,45,official_public_site_catalog,https://support.peopleperhour.com/hc/en-us/community/posts/4417093281553-Place,,,,,existing_v4.14_registry
Guru,https://www.guru.com/,Global,Global,job_marketplace,freelance_marketplace,candidate,NEEDS_ANALYSIS,UNKNOWN,UNKNOWN,UNKNOWN,[],DISCOVERED,documented,False,HIGH,15,official_public_site_catalog,,,,,,existing_v4.14_registry
Contra,https://contra.com/,Global,Global,job_marketplace,freelance_marketplace,candidate,NEEDS_ANALYSIS,UNKNOWN,UNKNOWN,UNKNOWN,[],DISCOVERED,documented,False,HIGH,15,official_public_site_catalog,,,,,,existing_v4.14_registry
Toptal,https://www.toptal.com/,Global,Global,job_marketplace,freelance_marketplace,candidate,BLOCKED_IRAN,BLOCK,BLOCK,UNKNOWN,[],DISCOVERED,documented,False,HIGH,45,official_public_site_catalog,https://www.toptal.com/tos,,,,,existing_v4.14_registry
Workana,https://www.workana.com/,Global,Latin America,job_marketplace,freelance_marketplace,candidate,NEEDS_ANALYSIS,UNKNOWN,UNKNOWN,UNKNOWN,[],DISCOVERED,documented,False,HIGH,15,official_public_site_catalog,,,,,,existing_v4.14_registry
Truelancer,https://www.truelancer.com/,Global,Global,job_marketplace,freelance_marketplace,candidate,BLOCKED_IRAN,BLOCK,BLOCK,UNKNOWN,[],DISCOVERED,documented,False,HIGH,55,official_current_policy_research_2026,https://www.truelancer.com/legal/terms-service,,,,2026-09-11,official_current_policy_research_2026
99designs,https://99designs.com/,Global,Global,job_marketplace,freelance_marketplace,candidate,BLOCKED_IRAN,BLOCK,BLOCK,UNKNOWN,[],DISCOVERED,documented,False,HIGH,55,official_current_policy_research_2026,https://support.99designs.com/hc/en-us/articles/5234481461396-99designs-Sanctions-Policy,,,,2026-09-11,official_current_policy_research_2026
FlexJobs,https://www.flexjobs.com/,Global,Global,job_marketplace,freelance_marketplace,candidate,NEEDS_ANALYSIS,UNKNOWN,UNKNOWN,UNKNOWN,[],DISCOVERED,documented,False,HIGH,15,official_public_site_catalog,,,,,,existing_v4.14_registry
Remote.co,https://remote.co/,Global,Global,job_marketplace,freelance_marketplace,candidate,NEEDS_ANALYSIS,UNKNOWN,UNKNOWN,UNKNOWN,[],DISCOVERED,documented,False,HIGH,15,official_public_site_catalog,,,,,,existing_v4.14_registry
WeWorkRemotely_Global,https://weworkremotely.com/,Global,Global,job_marketplace,freelance_marketplace,candidate,NEEDS_ANALYSIS,UNKNOWN,UNKNOWN,UNKNOWN,[],DISCOVERED,documented,False,HIGH,15,official_public_site_catalog,,,,,,existing_v4.14_registry
Wellfound,https://wellfound.com/,Global,Global,job_marketplace,freelance_marketplace,candidate,NEEDS_ANALYSIS,UNKNOWN,UNKNOWN,UNKNOWN,[],DISCOVERED,documented,False,HIGH,15,official_public_site_catalog,,,,,,existing_v4.14_registry
Arc,https://arc.dev/,Global,Global,job_marketplace,freelance_marketplace,candidate,NEEDS_ANALYSIS,UNKNOWN,UNKNOWN,UNKNOWN,[],DISCOVERED,documented,False,HIGH,15,official_public_site_catalog,,,,,,existing_v4.14_registry
Gun.io,https://gun.io/,Global,Global,job_marketplace,freelance_marketplace,candidate,NEEDS_ANALYSIS,UNKNOWN,UNKNOWN,UNKNOWN,[],DISCOVERED,documented,False,HIGH,15,official_public_site_catalog,,,,,,existing_v4.14_registry
Braintrust,https://www.usebraintrust.com/,Global,Global,job_marketplace,freelance_marketplace,candidate,NEEDS_ANALYSIS,UNKNOWN,UNKNOWN,UNKNOWN,[],DISCOVERED,documented,False,HIGH,15,official_public_site_catalog,,,,,,existing_v4.14_registry
Malt,https://www.malt.com/,Global,Global,job_marketplace,freelance_marketplace,candidate,NEEDS_ANALYSIS,UNKNOWN,UNKNOWN,UNKNOWN,[],DISCOVERED,documented,False,HIGH,15,official_public_site_catalog,,,,,,existing_v4.14_registry
Twago,https://www.twago.com/,Global,Global,job_marketplace,freelance_marketplace,candidate,NEEDS_ANALYSIS,UNKNOWN,UNKNOWN,UNKNOWN,[],DISCOVERED,documented,False,HIGH,15,official_public_site_catalog,,,,,,existing_v4.14_registry
SimplyHired,https://www.simplyhired.com/,Global,Global,job_marketplace,freelance_marketplace,candidate,NEEDS_ANALYSIS,UNKNOWN,UNKNOWN,UNKNOWN,[],DISCOVERED,documented,False,HIGH,15,official_public_site_catalog,,,,,,existing_v4.14_registry
Dice,https://www.dice.com/,Global,Global,job_marketplace,freelance_marketplace,candidate,NEEDS_ANALYSIS,UNKNOWN,UNKNOWN,UNKNOWN,[],DISCOVERED,documented,False,HIGH,15,official_public_site_catalog,,,,,,existing_v4.14_registry
WorkingNomads,https://www.workingnomads.com/,Global,Global,job_marketplace,freelance_marketplace,candidate,NEEDS_ANALYSIS,UNKNOWN,UNKNOWN,UNKNOWN,[],DISCOVERED,documented,False,HIGH,15,official_public_site_catalog,,,,,,existing_v4.14_registry
WeAreDevelopers,https://www.wearedevelopers.com/,Global,Global,job_marketplace,freelance_marketplace,candidate,NEEDS_ANALYSIS,UNKNOWN,UNKNOWN,UNKNOWN,[],DISCOVERED,documented,False,HIGH,15,official_public_site_catalog,,,,,,existing_v4.14_registry
Landing.Jobs,https://landing.jobs/,Global,Global,job_marketplace,freelance_marketplace,candidate,NEEDS_ANALYSIS,UNKNOWN,UNKNOWN,UNKNOWN,[],DISCOVERED,documented,False,HIGH,15,official_public_site_catalog,,,,,,existing_v4.14_registry
Otta,https://otta.com/,Global,Global,job_marketplace,freelance_marketplace,candidate,NEEDS_ANALYSIS,UNKNOWN,UNKNOWN,UNKNOWN,[],DISCOVERED,documented,False,HIGH,15,official_public_site_catalog,,,,,,existing_v4.14_registry
Wellfound_Talent,https://wellfound.com/jobs,Global,Global,job_marketplace,freelance_marketplace,candidate,NEEDS_ANALYSIS,UNKNOWN,UNKNOWN,UNKNOWN,[],DISCOVERED,documented,False,HIGH,15,official_public_site_catalog,,,,,,existing_v4.14_registry
Jooble,https://jooble.org/,Global,Global,job_marketplace,freelance_marketplace,candidate,NEEDS_ANALYSIS,UNKNOWN,UNKNOWN,UNKNOWN,[],DISCOVERED,documented,False,HIGH,15,official_public_site_catalog,,,,,,existing_v4.14_registry
Adzuna,https://www.adzuna.com/,Global,Global,job_marketplace,freelance_marketplace,candidate,NEEDS_ANALYSIS,UNKNOWN,UNKNOWN,UNKNOWN,[],DISCOVERED,documented,False,HIGH,15,official_public_site_catalog,,,,,,existing_v4.14_registry
Careerjet,https://www.careerjet.com/,Global,Global,job_marketplace,freelance_marketplace,candidate,NEEDS_ANALYSIS,UNKNOWN,UNKNOWN,UNKNOWN,[],DISCOVERED,documented,False,HIGH,15,official_public_site_catalog,,,,,,existing_v4.14_registry
Talent.com,https://www.talent.com/,Global,Global,job_marketplace,freelance_marketplace,candidate,NEEDS_ANALYSIS,UNKNOWN,UNKNOWN,UNKNOWN,[],DISCOVERED,documented,False,HIGH,15,official_public_site_catalog,,,,,,existing_v4.14_registry
Indeed,https://www.indeed.com/,Global,Global,job_marketplace,freelance_marketplace,candidate,NEEDS_ANALYSIS,UNKNOWN,UNKNOWN,UNKNOWN,[],DISCOVERED,documented,False,HIGH,15,official_public_site_catalog,,,,,,existing_v4.14_registry
Glassdoor,https://www.glassdoor.com/,Global,Global,job_marketplace,freelance_marketplace,candidate,NEEDS_ANALYSIS,UNKNOWN,UNKNOWN,UNKNOWN,[],DISCOVERED,documented,False,HIGH,15,official_public_site_catalog,,,,,,existing_v4.14_registry
LinkedIn_Jobs,https://www.linkedin.com/jobs/,Global,Global,job_marketplace,freelance_marketplace,candidate,NEEDS_ANALYSIS,UNKNOWN,UNKNOWN,UNKNOWN,[],DISCOVERED,documented,False,HIGH,15,official_public_site_catalog,,,,,,existing_v4.14_registry
HackerOne,https://www.hackerone.com/,Global,Global,bug_bounty,bug_bounty,candidate,BLOCKED_IRAN,BLOCK,BLOCK,UNKNOWN,[],DISCOVERED,documented,False,HIGH,45,official_public_site_catalog,https://www.hackerone.com/terms/general,,,,,existing_v4.14_registry
Bugcrowd,https://www.bugcrowd.com/,Global,Global,bug_bounty,bug_bounty,candidate,BLOCKED_IRAN,BLOCK,BLOCK,UNKNOWN,[],DISCOVERED,documented,False,HIGH,45,official_public_site_catalog,https://www.bugcrowd.com/website-terms-and-conditions/,,,,,existing_v4.14_registry
Intigriti,https://www.intigriti.com/,Global,Global,bug_bounty,bug_bounty,candidate,NEEDS_ANALYSIS,UNKNOWN,UNKNOWN,UNKNOWN,[],DISCOVERED,documented,False,HIGH,15,official_public_site_catalog,,,,,,existing_v4.14_registry
YesWeHack,https://www.yeswehack.com/,Global,Global,bug_bounty,bug_bounty,candidate,NEEDS_ANALYSIS,UNKNOWN,UNKNOWN,UNKNOWN,[],DISCOVERED,documented,False,HIGH,15,official_public_site_catalog,,,,,,existing_v4.14_registry
OpenBugBounty,https://www.openbugbounty.org/,Global,Global,bug_bounty,bug_bounty,candidate,NEEDS_ANALYSIS,UNKNOWN,UNKNOWN,UNKNOWN,[],DISCOVERED,documented,False,HIGH,15,official_public_site_catalog,,,,,,existing_v4.14_registry
Synack,https://www.synack.com/,Global,Global,bug_bounty,bug_bounty,candidate,BLOCKED_IRAN,BLOCK,BLOCK,UNKNOWN,[],DISCOVERED,documented,False,HIGH,45,official_public_site_catalog,https://www.synack.com/end-user-agreement/,,,,,existing_v4.14_registry
Immunefi,https://immunefi.com/,Global,Global,bug_bounty,bug_bounty,candidate,NEEDS_ANALYSIS,UNKNOWN,UNKNOWN,UNKNOWN,[],DISCOVERED,documented,False,HIGH,15,official_public_site_catalog,,,,,,existing_v4.14_registry
HackenProof,https://hackenproof.com/,Global,Global,bug_bounty,bug_bounty,candidate,NEEDS_ANALYSIS,UNKNOWN,UNKNOWN,UNKNOWN,[],DISCOVERED,documented,False,HIGH,15,official_public_site_catalog,,,,,,existing_v4.14_registry
BugBase,https://bugbase.in/,Global,Global,bug_bounty,bug_bounty,candidate,NEEDS_ANALYSIS,UNKNOWN,UNKNOWN,UNKNOWN,[],DISCOVERED,documented,False,HIGH,15,official_public_site_catalog,,,,,,existing_v4.14_registry
SafeHats,https://safehats.com/,Global,Global,bug_bounty,bug_bounty,candidate,NEEDS_ANALYSIS,UNKNOWN,UNKNOWN,UNKNOWN,[],DISCOVERED,documented,False,HIGH,15,official_public_site_catalog,,,,,,existing_v4.14_registry
ZeroCopter,https://www.zerocopter.com/,Global,Global,bug_bounty,bug_bounty,candidate,NEEDS_ANALYSIS,UNKNOWN,UNKNOWN,UNKNOWN,[],DISCOVERED,documented,False,HIGH,15,official_public_site_catalog,,,,,,existing_v4.14_registry
BugBounty.jp,https://bugbounty.jp/,Global,Global,bug_bounty,bug_bounty,candidate,NEEDS_ANALYSIS,UNKNOWN,UNKNOWN,UNKNOWN,[],DISCOVERED,documented,False,HIGH,15,official_public_site_catalog,,,,,,existing_v4.14_registry
Yogosha,https://yogosha.com/,Global,Global,bug_bounty,bug_bounty,candidate,NEEDS_ANALYSIS,UNKNOWN,UNKNOWN,UNKNOWN,[],DISCOVERED,documented,False,HIGH,15,official_public_site_catalog,,,,,,existing_v4.14_registry
Hacken,https://hacken.io/,Global,Global,bug_bounty,bug_bounty,candidate,NEEDS_ANALYSIS,UNKNOWN,UNKNOWN,UNKNOWN,[],DISCOVERED,documented,False,HIGH,15,official_public_site_catalog,,,,,,existing_v4.14_registry
Telegram_Public,https://telegram.org/,Global,Global,telegram,social_platform,candidate,NEEDS_ANALYSIS,UNKNOWN,UNKNOWN,UNKNOWN,[],DISCOVERED,documented,False,MEDIUM,15,official_public_site_catalog,,,,,,existing_v4.14_registry
Instagram,https://www.instagram.com/,Global,Global,instagram,social_platform,candidate,NEEDS_ANALYSIS,UNKNOWN,UNKNOWN,UNKNOWN,[],DISCOVERED,documented,False,MEDIUM,15,official_public_site_catalog,,,,,,existing_v4.14_registry
X_Twitter,https://x.com/,Global,Global,x,social_platform,candidate,NEEDS_ANALYSIS,UNKNOWN,UNKNOWN,UNKNOWN,[],DISCOVERED,documented,False,MEDIUM,15,official_public_site_catalog,,,,,,existing_v4.14_registry
LinkedIn,https://www.linkedin.com/,Global,Global,linkedin,social_platform,candidate,NEEDS_ANALYSIS,UNKNOWN,UNKNOWN,UNKNOWN,[],DISCOVERED,documented,False,MEDIUM,15,official_public_site_catalog,,,,,,existing_v4.14_registry
Reddit,https://www.reddit.com/,Global,Global,reddit,social_platform,candidate,NEEDS_ANALYSIS,UNKNOWN,UNKNOWN,UNKNOWN,[],DISCOVERED,documented,False,MEDIUM,15,official_public_site_catalog,,,,,,existing_v4.14_registry
Bale,https://bale.ai/,Iran,Iran,bale,social_platform,candidate,DAILY_PROJECT_SCAN,ALLOW,ALLOW,UNKNOWN,[],DISCOVERED,documented,False,MEDIUM,45,official_public_site_catalog,https://bale.ai/,,,,,existing_v4.14_registry
Eitaa,https://eitaa.com/,Iran,Iran,eitaa,social_platform,candidate,DAILY_PROJECT_SCAN,ALLOW,ALLOW,UNKNOWN,[],DISCOVERED,documented,False,MEDIUM,45,official_public_site_catalog,https://eitaa.com/,,,,,existing_v4.14_registry
SoroushPlus,https://splus.ir/,Iran,Iran,soroush,social_platform,candidate,DAILY_PROJECT_SCAN,ALLOW,ALLOW,UNKNOWN,[],DISCOVERED,documented,False,MEDIUM,45,official_public_site_catalog,https://splus.ir/,,,,,existing_v4.14_registry
GulfTalent,https://www.gulftalent.com/,Global,Middle East,job_marketplace,job_marketplace,active,GLOBAL_DISCOVERY,UNKNOWN,UNKNOWN,UNKNOWN,[],DISCOVERED,documented,False,HIGH,55,official_public_site_catalog,https://www.gulftalent.com/,,,,2026-09-11,existing_v4.14_registry
Akhtaboot_Jordan,https://www.akhtaboot.com/,Global,Middle East,job_marketplace,job_marketplace,active,GLOBAL_DISCOVERY,UNKNOWN,UNKNOWN,UNKNOWN,[],DISCOVERED,documented,False,HIGH,55,official_public_site_catalog,https://www.akhtaboot.com/,,,,2026-09-11,existing_v4.14_registry
Naukrigulf,https://www.naukrigulf.com/,Global,Middle East,job_marketplace,job_marketplace,active,GLOBAL_DISCOVERY,UNKNOWN,UNKNOWN,UNKNOWN,[],DISCOVERED,documented,False,HIGH,55,official_public_site_catalog,https://www.naukrigulf.com/,,,,2026-09-11,existing_v4.14_registry
GulfJobs,https://www.gulfjobs.com/,Global,Middle East,job_marketplace,job_marketplace,active,GLOBAL_DISCOVERY,UNKNOWN,UNKNOWN,UNKNOWN,[],DISCOVERED,documented,False,HIGH,55,official_public_site_catalog,https://www.gulfjobs.com/,,,,2026-09-11,existing_v4.14_registry
Dubizzle_Jobs,https://dubizzle.com/jobs/,Global,Middle East,job_marketplace,job_marketplace,active,GLOBAL_DISCOVERY,UNKNOWN,UNKNOWN,UNKNOWN,[],DISCOVERED,documented,False,HIGH,55,official_public_site_catalog,https://dubizzle.com/jobs/,,,,2026-09-11,existing_v4.14_registry
KhaleejTimes_Jobs,https://www.khaleejtimes.com/jobs,Global,Middle East,job_marketplace,job_marketplace,active,GLOBAL_DISCOVERY,UNKNOWN,UNKNOWN,UNKNOWN,[],DISCOVERED,documented,False,HIGH,55,official_public_site_catalog,https://www.khaleejtimes.com/jobs,,,,2026-09-11,existing_v4.14_registry
Mubawab_Jobs,https://www.mubawab.ma/,Global,Africa,job_marketplace,job_marketplace,active,GLOBAL_DISCOVERY,UNKNOWN,UNKNOWN,UNKNOWN,[],DISCOVERED,documented,False,HIGH,55,official_public_site_catalog,https://www.mubawab.ma/,,,,2026-09-11,existing_v4.14_registry
HiredChina,https://www.hiredchina.com/,Global,East Asia,job_marketplace,job_marketplace,active,GLOBAL_DISCOVERY,UNKNOWN,UNKNOWN,UNKNOWN,[],DISCOVERED,documented,False,HIGH,55,official_public_site_catalog,https://www.hiredchina.com/,,,,2026-09-11,existing_v4.14_registry
TokyoDev,https://www.tokyodev.com/,Global,East Asia,job_marketplace,job_marketplace,active,GLOBAL_DISCOVERY,UNKNOWN,UNKNOWN,UNKNOWN,[],DISCOVERED,documented,False,HIGH,55,official_public_site_catalog,https://www.tokyodev.com/,,,,2026-09-11,existing_v4.14_registry
Daijob_Japan,https://www.daijob.com/,Global,East Asia,job_marketplace,job_marketplace,active,GLOBAL_DISCOVERY,UNKNOWN,UNKNOWN,UNKNOWN,[],DISCOVERED,documented,False,HIGH,55,official_public_site_catalog,https://www.daijob.com/,,,,2026-09-11,existing_v4.14_registry
CareerCross_Japan,https://www.careercross.com/,Global,East Asia,job_marketplace,job_marketplace,active,GLOBAL_DISCOVERY,UNKNOWN,UNKNOWN,UNKNOWN,[],DISCOVERED,documented,False,HIGH,55,official_public_site_catalog,https://www.careercross.com/,,,,2026-09-11,existing_v4.14_registry
Zigbang_Jobs,https://www.zigbang.com/,Global,East Asia,job_marketplace,job_marketplace,active,GLOBAL_DISCOVERY,UNKNOWN,UNKNOWN,UNKNOWN,[],DISCOVERED,documented,False,HIGH,55,official_public_site_catalog,https://www.zigbang.com/,,,,2026-09-11,existing_v4.14_registry
HH_Russia,https://hh.ru/,Global,Eastern Europe,job_marketplace,job_marketplace,active,GLOBAL_DISCOVERY,UNKNOWN,UNKNOWN,UNKNOWN,[],DISCOVERED,documented,False,HIGH,55,official_public_site_catalog,https://hh.ru/,,,,2026-09-11,existing_v4.14_registry
Rabota_Russia,https://www.rabota.ru/,Global,Eastern Europe,job_marketplace,job_marketplace,active,GLOBAL_DISCOVERY,UNKNOWN,UNKNOWN,UNKNOWN,[],DISCOVERED,documented,False,HIGH,55,official_public_site_catalog,https://www.rabota.ru/,,,,2026-09-11,existing_v4.14_registry
SuperJob_Russia,https://www.superjob.ru/,Global,Eastern Europe,job_marketplace,job_marketplace,active,GLOBAL_DISCOVERY,UNKNOWN,UNKNOWN,UNKNOWN,[],DISCOVERED,documented,False,HIGH,55,official_public_site_catalog,https://www.superjob.ru/,,,,2026-09-11,existing_v4.14_registry
Headhunter_KZ,https://hh.kz/,Global,Central Asia,job_marketplace,job_marketplace,active,GLOBAL_DISCOVERY,UNKNOWN,UNKNOWN,UNKNOWN,[],DISCOVERED,documented,False,HIGH,55,official_public_site_catalog,https://hh.kz/,,,,2026-09-11,existing_v4.14_registry
Headhunter_UZ,https://hh.uz/,Global,Central Asia,job_marketplace,job_marketplace,active,GLOBAL_DISCOVERY,UNKNOWN,UNKNOWN,UNKNOWN,[],DISCOVERED,documented,False,HIGH,55,official_public_site_catalog,https://hh.uz/,,,,2026-09-11,existing_v4.14_registry
Headhunter_GE,https://hh.ge/,Global,Caucasus,job_marketplace,job_marketplace,active,GLOBAL_DISCOVERY,UNKNOWN,UNKNOWN,UNKNOWN,[],DISCOVERED,documented,False,HIGH,55,official_public_site_catalog,https://hh.ge/,,,,2026-09-11,existing_v4.14_registry
Headhunter_AZ,https://hh.az/,Global,Caucasus,job_marketplace,job_marketplace,active,GLOBAL_DISCOVERY,UNKNOWN,UNKNOWN,UNKNOWN,[],DISCOVERED,documented,False,HIGH,55,official_public_site_catalog,https://hh.az/,,,,2026-09-11,existing_v4.14_registry
JobsinGeorgia,https://jobs.ge/,Global,Caucasus,job_marketplace,job_marketplace,active,GLOBAL_DISCOVERY,UNKNOWN,UNKNOWN,UNKNOWN,[],DISCOVERED,documented,False,HIGH,55,official_public_site_catalog,https://jobs.ge/,,,,2026-09-11,existing_v4.14_registry
Boss_Azerbaijan,https://boss.az/,Global,Caucasus,job_marketplace,job_marketplace,active,GLOBAL_DISCOVERY,UNKNOWN,UNKNOWN,UNKNOWN,[],DISCOVERED,documented,False,HIGH,55,official_public_site_catalog,https://boss.az/,,,,2026-09-11,existing_v4.14_registry
JobSearch_Azerbaijan,https://jobsearch.az/,Global,Caucasus,job_marketplace,job_marketplace,active,GLOBAL_DISCOVERY,UNKNOWN,UNKNOWN,UNKNOWN,[],DISCOVERED,documented,False,HIGH,55,official_public_site_catalog,https://jobsearch.az/,,,,2026-09-11,existing_v4.14_registry
Rabota_BY,https://rabota.by/,Global,Eastern Europe,job_marketplace,job_marketplace,active,GLOBAL_DISCOVERY,UNKNOWN,UNKNOWN,UNKNOWN,[],DISCOVERED,documented,False,HIGH,55,official_public_site_catalog,https://rabota.by/,,,,2026-09-11,existing_v4.14_registry
Indeed_US,https://us.indeed.com/,United States,Global,job_marketplace,job_aggregator,candidate,NEEDS_ANALYSIS,UNKNOWN,UNKNOWN,UNKNOWN,[],DISCOVERED,documented,False,HIGH,15,localized_public_endpoint_catalog,,,,,,existing_v4.14_registry
Indeed_CA,https://ca.indeed.com/,Canada,Global,job_marketplace,job_aggregator,candidate,NEEDS_ANALYSIS,UNKNOWN,UNKNOWN,UNKNOWN,[],DISCOVERED,documented,False,HIGH,15,localized_public_endpoint_catalog,,,,,,existing_v4.14_registry
Indeed_GB,https://gb.indeed.com/,United Kingdom,Global,job_marketplace,job_aggregator,candidate,NEEDS_ANALYSIS,UNKNOWN,UNKNOWN,UNKNOWN,[],DISCOVERED,documented,False,HIGH,15,localized_public_endpoint_catalog,,,,,,existing_v4.14_registry
Indeed_DE,https://de.indeed.com/,Germany,Global,job_marketplace,job_aggregator,candidate,NEEDS_ANALYSIS,UNKNOWN,UNKNOWN,UNKNOWN,[],DISCOVERED,documented,False,HIGH,15,localized_public_endpoint_catalog,,,,,,existing_v4.14_registry
Indeed_FR,https://fr.indeed.com/,France,Global,job_marketplace,job_aggregator,candidate,NEEDS_ANALYSIS,UNKNOWN,UNKNOWN,UNKNOWN,[],DISCOVERED,documented,False,HIGH,15,localized_public_endpoint_catalog,,,,,,existing_v4.14_registry
Indeed_IT,https://it.indeed.com/,Italy,Global,job_marketplace,job_aggregator,candidate,NEEDS_ANALYSIS,UNKNOWN,UNKNOWN,UNKNOWN,[],DISCOVERED,documented,False,HIGH,15,localized_public_endpoint_catalog,,,,,,existing_v4.14_registry
Indeed_ES,https://es.indeed.com/,Spain,Global,job_marketplace,job_aggregator,candidate,NEEDS_ANALYSIS,UNKNOWN,UNKNOWN,UNKNOWN,[],DISCOVERED,documented,False,HIGH,15,localized_public_endpoint_catalog,,,,,,existing_v4.14_registry
Indeed_NL,https://nl.indeed.com/,Netherlands,Global,job_marketplace,job_aggregator,candidate,NEEDS_ANALYSIS,UNKNOWN,UNKNOWN,UNKNOWN,[],DISCOVERED,documented,False,HIGH,15,localized_public_endpoint_catalog,,,,,,existing_v4.14_registry
Indeed_BE,https://be.indeed.com/,Belgium,Global,job_marketplace,job_aggregator,candidate,NEEDS_ANALYSIS,UNKNOWN,UNKNOWN,UNKNOWN,[],DISCOVERED,documented,False,HIGH,15,localized_public_endpoint_catalog,,,,,,existing_v4.14_registry
Indeed_AT,https://at.indeed.com/,Austria,Global,job_marketplace,job_aggregator,candidate,NEEDS_ANALYSIS,UNKNOWN,UNKNOWN,UNKNOWN,[],DISCOVERED,documented,False,HIGH,15,localized_public_endpoint_catalog,,,,,,existing_v4.14_registry
Indeed_CH,https://ch.indeed.com/,Switzerland,Global,job_marketplace,job_aggregator,candidate,NEEDS_ANALYSIS,UNKNOWN,UNKNOWN,UNKNOWN,[],DISCOVERED,documented,False,HIGH,15,localized_public_endpoint_catalog,,,,,,existing_v4.14_registry
Indeed_SE,https://se.indeed.com/,Sweden,Global,job_marketplace,job_aggregator,candidate,NEEDS_ANALYSIS,UNKNOWN,UNKNOWN,UNKNOWN,[],DISCOVERED,documented,False,HIGH,15,localized_public_endpoint_catalog,,,,,,existing_v4.14_registry
Indeed_NO,https://no.indeed.com/,Norway,Global,job_marketplace,job_aggregator,candidate,NEEDS_ANALYSIS,UNKNOWN,UNKNOWN,UNKNOWN,[],DISCOVERED,documented,False,HIGH,15,localized_public_endpoint_catalog,,,,,,existing_v4.14_registry
Indeed_DK,https://dk.indeed.com/,Denmark,Global,job_marketplace,job_aggregator,candidate,NEEDS_ANALYSIS,UNKNOWN,UNKNOWN,UNKNOWN,[],DISCOVERED,documented,False,HIGH,15,localized_public_endpoint_catalog,,,,,,existing_v4.14_registry
Indeed_FI,https://fi.indeed.com/,Finland,Global,job_marketplace,job_aggregator,candidate,NEEDS_ANALYSIS,UNKNOWN,UNKNOWN,UNKNOWN,[],DISCOVERED,documented,False,HIGH,15,localized_public_endpoint_catalog,,,,,,existing_v4.14_registry
Indeed_IE,https://ie.indeed.com/,Ireland,Global,job_marketplace,job_aggregator,candidate,NEEDS_ANALYSIS,UNKNOWN,UNKNOWN,UNKNOWN,[],DISCOVERED,documented,False,HIGH,15,localized_public_endpoint_catalog,,,,,,existing_v4.14_registry
Indeed_PT,https://pt.indeed.com/,Portugal,Global,job_marketplace,job_aggregator,candidate,NEEDS_ANALYSIS,UNKNOWN,UNKNOWN,UNKNOWN,[],DISCOVERED,documented,False,HIGH,15,localized_public_endpoint_catalog,,,,,,existing_v4.14_registry
Indeed_PL,https://pl.indeed.com/,Poland,Global,job_marketplace,job_aggregator,candidate,NEEDS_ANALYSIS,UNKNOWN,UNKNOWN,UNKNOWN,[],DISCOVERED,documented,False,HIGH,15,localized_public_endpoint_catalog,,,,,,existing_v4.14_registry
Indeed_CZ,https://cz.indeed.com/,Czech Republic,Global,job_marketplace,job_aggregator,candidate,NEEDS_ANALYSIS,UNKNOWN,UNKNOWN,UNKNOWN,[],DISCOVERED,documented,False,HIGH,15,localized_public_endpoint_catalog,,,,,,existing_v4.14_registry
Indeed_HU,https://hu.indeed.com/,Hungary,Global,job_marketplace,job_aggregator,candidate,NEEDS_ANALYSIS,UNKNOWN,UNKNOWN,UNKNOWN,[],DISCOVERED,documented,False,HIGH,15,localized_public_endpoint_catalog,,,,,,existing_v4.14_registry
Indeed_RO,https://ro.indeed.com/,Romania,Global,job_marketplace,job_aggregator,candidate,NEEDS_ANALYSIS,UNKNOWN,UNKNOWN,UNKNOWN,[],DISCOVERED,documented,False,HIGH,15,localized_public_endpoint_catalog,,,,,,existing_v4.14_registry
Indeed_GR,https://gr.indeed.com/,Greece,Global,job_marketplace,job_aggregator,candidate,NEEDS_ANALYSIS,UNKNOWN,UNKNOWN,UNKNOWN,[],DISCOVERED,documented,False,HIGH,15,localized_public_endpoint_catalog,,,,,,existing_v4.14_registry
Indeed_TR,https://tr.indeed.com/,Türkiye,Global,job_marketplace,job_aggregator,candidate,NEEDS_ANALYSIS,UNKNOWN,UNKNOWN,UNKNOWN,[],DISCOVERED,documented,False,HIGH,15,localized_public_endpoint_catalog,,,,,,existing_v4.14_registry
Indeed_AE,https://ae.indeed.com/,United Arab Emirates,Global,job_marketplace,job_aggregator,candidate,NEEDS_ANALYSIS,UNKNOWN,UNKNOWN,UNKNOWN,[],DISCOVERED,documented,False,HIGH,15,localized_public_endpoint_catalog,,,,,,existing_v4.14_registry
Indeed_SA,https://sa.indeed.com/,Saudi Arabia,Global,job_marketplace,job_aggregator,candidate,NEEDS_ANALYSIS,UNKNOWN,UNKNOWN,UNKNOWN,[],DISCOVERED,documented,False,HIGH,15,localized_public_endpoint_catalog,,,,,,existing_v4.14_registry
Indeed_QA,https://qa.indeed.com/,Qatar,Global,job_marketplace,job_aggregator,candidate,NEEDS_ANALYSIS,UNKNOWN,UNKNOWN,UNKNOWN,[],DISCOVERED,documented,False,HIGH,15,localized_public_endpoint_catalog,,,,,,existing_v4.14_registry
Indeed_KW,https://kw.indeed.com/,Kuwait,Global,job_marketplace,job_aggregator,candidate,NEEDS_ANALYSIS,UNKNOWN,UNKNOWN,UNKNOWN,[],DISCOVERED,documented,False,HIGH,15,localized_public_endpoint_catalog,,,,,,existing_v4.14_registry
Indeed_BH,https://bh.indeed.com/,Bahrain,Global,job_marketplace,job_aggregator,candidate,NEEDS_ANALYSIS,UNKNOWN,UNKNOWN,UNKNOWN,[],DISCOVERED,documented,False,HIGH,15,localized_public_endpoint_catalog,,,,,,existing_v4.14_registry
Indeed_OM,https://om.indeed.com/,Oman,Global,job_marketplace,job_aggregator,candidate,NEEDS_ANALYSIS,UNKNOWN,UNKNOWN,UNKNOWN,[],DISCOVERED,documented,False,HIGH,15,localized_public_endpoint_catalog,,,,,,existing_v4.14_registry
Indeed_JO,https://jo.indeed.com/,Jordan,Global,job_marketplace,job_aggregator,candidate,NEEDS_ANALYSIS,UNKNOWN,UNKNOWN,UNKNOWN,[],DISCOVERED,documented,False,HIGH,15,localized_public_endpoint_catalog,,,,,,existing_v4.14_registry
Indeed_EG,https://eg.indeed.com/,Egypt,Global,job_marketplace,job_aggregator,candidate,NEEDS_ANALYSIS,UNKNOWN,UNKNOWN,UNKNOWN,[],DISCOVERED,documented,False,HIGH,15,localized_public_endpoint_catalog,,,,,,existing_v4.14_registry
Indeed_MA,https://ma.indeed.com/,Morocco,Global,job_marketplace,job_aggregator,candidate,NEEDS_ANALYSIS,UNKNOWN,UNKNOWN,UNKNOWN,[],DISCOVERED,documented,False,HIGH,15,localized_public_endpoint_catalog,,,,,,existing_v4.14_registry
Indeed_TN,https://tn.indeed.com/,Tunisia,Global,job_marketplace,job_aggregator,candidate,NEEDS_ANALYSIS,UNKNOWN,UNKNOWN,UNKNOWN,[],DISCOVERED,documented,False,HIGH,15,localized_public_endpoint_catalog,,,,,,existing_v4.14_registry
Indeed_ZA,https://za.indeed.com/,South Africa,Global,job_marketplace,job_aggregator,candidate,NEEDS_ANALYSIS,UNKNOWN,UNKNOWN,UNKNOWN,[],DISCOVERED,documented,False,HIGH,15,localized_public_endpoint_catalog,,,,,,existing_v4.14_registry
Indeed_NG,https://ng.indeed.com/,Nigeria,Global,job_marketplace,job_aggregator,candidate,NEEDS_ANALYSIS,UNKNOWN,UNKNOWN,UNKNOWN,[],DISCOVERED,documented,False,HIGH,15,localized_public_endpoint_catalog,,,,,,existing_v4.14_registry
Indeed_KE,https://ke.indeed.com/,Kenya,Global,job_marketplace,job_aggregator,candidate,NEEDS_ANALYSIS,UNKNOWN,UNKNOWN,UNKNOWN,[],DISCOVERED,documented,False,HIGH,15,localized_public_endpoint_catalog,,,,,,existing_v4.14_registry
Indeed_IN,https://in.indeed.com/,India,Global,job_marketplace,job_aggregator,candidate,NEEDS_ANALYSIS,UNKNOWN,UNKNOWN,UNKNOWN,[],DISCOVERED,documented,False,HIGH,15,localized_public_endpoint_catalog,,,,,,existing_v4.14_registry
Indeed_PK,https://pk.indeed.com/,Pakistan,Global,job_marketplace,job_aggregator,candidate,NEEDS_ANALYSIS,UNKNOWN,UNKNOWN,UNKNOWN,[],DISCOVERED,documented,False,HIGH,15,localized_public_endpoint_catalog,,,,,,existing_v4.14_registry
Indeed_BD,https://bd.indeed.com/,Bangladesh,Global,job_marketplace,job_aggregator,candidate,NEEDS_ANALYSIS,UNKNOWN,UNKNOWN,UNKNOWN,[],DISCOVERED,documented,False,HIGH,15,localized_public_endpoint_catalog,,,,,,existing_v4.14_registry
Indeed_LK,https://lk.indeed.com/,Sri Lanka,Global,job_marketplace,job_aggregator,candidate,NEEDS_ANALYSIS,UNKNOWN,UNKNOWN,UNKNOWN,[],DISCOVERED,documented,False,HIGH,15,localized_public_endpoint_catalog,,,,,,existing_v4.14_registry
Indeed_JP,https://jp.indeed.com/,Japan,Global,job_marketplace,job_aggregator,candidate,NEEDS_ANALYSIS,UNKNOWN,UNKNOWN,UNKNOWN,[],DISCOVERED,documented,False,HIGH,15,localized_public_endpoint_catalog,,,,,,existing_v4.14_registry
Indeed_KR,https://kr.indeed.com/,South Korea,Global,job_marketplace,job_aggregator,candidate,NEEDS_ANALYSIS,UNKNOWN,UNKNOWN,UNKNOWN,[],DISCOVERED,documented,False,HIGH,15,localized_public_endpoint_catalog,,,,,,existing_v4.14_registry
Indeed_SG,https://sg.indeed.com/,Singapore,Global,job_marketplace,job_aggregator,candidate,NEEDS_ANALYSIS,UNKNOWN,UNKNOWN,UNKNOWN,[],DISCOVERED,documented,False,HIGH,15,localized_public_endpoint_catalog,,,,,,existing_v4.14_registry
Indeed_MY,https://my.indeed.com/,Malaysia,Global,job_marketplace,job_aggregator,candidate,NEEDS_ANALYSIS,UNKNOWN,UNKNOWN,UNKNOWN,[],DISCOVERED,documented,False,HIGH,15,localized_public_endpoint_catalog,,,,,,existing_v4.14_registry
Indeed_ID,https://id.indeed.com/,Indonesia,Global,job_marketplace,job_aggregator,candidate,NEEDS_ANALYSIS,UNKNOWN,UNKNOWN,UNKNOWN,[],DISCOVERED,documented,False,HIGH,15,localized_public_endpoint_catalog,,,,,,existing_v4.14_registry
Indeed_PH,https://ph.indeed.com/,Philippines,Global,job_marketplace,job_aggregator,candidate,NEEDS_ANALYSIS,UNKNOWN,UNKNOWN,UNKNOWN,[],DISCOVERED,documented,False,HIGH,15,localized_public_endpoint_catalog,,,,,,existing_v4.14_registry
Indeed_VN,https://vn.indeed.com/,Vietnam,Global,job_marketplace,job_aggregator,candidate,NEEDS_ANALYSIS,UNKNOWN,UNKNOWN,UNKNOWN,[],DISCOVERED,documented,False,HIGH,15,localized_public_endpoint_catalog,,,,,,existing_v4.14_registry
Indeed_TH,https://th.indeed.com/,Thailand,Global,job_marketplace,job_aggregator,candidate,NEEDS_ANALYSIS,UNKNOWN,UNKNOWN,UNKNOWN,[],DISCOVERED,documented,False,HIGH,15,localized_public_endpoint_catalog,,,,,,existing_v4.14_registry
Indeed_AU,https://au.indeed.com/,Australia,Global,job_marketplace,job_aggregator,candidate,NEEDS_ANALYSIS,UNKNOWN,UNKNOWN,UNKNOWN,[],DISCOVERED,documented,False,HIGH,15,localized_public_endpoint_catalog,,,,,,existing_v4.14_registry
Indeed_NZ,https://nz.indeed.com/,New Zealand,Global,job_marketplace,job_aggregator,candidate,NEEDS_ANALYSIS,UNKNOWN,UNKNOWN,UNKNOWN,[],DISCOVERED,documented,False,HIGH,15,localized_public_endpoint_catalog,,,,,,existing_v4.14_registry
Indeed_BR,https://br.indeed.com/,Brazil,Global,job_marketplace,job_aggregator,candidate,NEEDS_ANALYSIS,UNKNOWN,UNKNOWN,UNKNOWN,[],DISCOVERED,documented,False,HIGH,15,localized_public_endpoint_catalog,,,,,,existing_v4.14_registry
Indeed_MX,https://mx.indeed.com/,Mexico,Global,job_marketplace,job_aggregator,candidate,NEEDS_ANALYSIS,UNKNOWN,UNKNOWN,UNKNOWN,[],DISCOVERED,documented,False,HIGH,15,localized_public_endpoint_catalog,,,,,,existing_v4.14_registry
Indeed_AR,https://ar.indeed.com/,Argentina,Global,job_marketplace,job_aggregator,candidate,NEEDS_ANALYSIS,UNKNOWN,UNKNOWN,UNKNOWN,[],DISCOVERED,documented,False,HIGH,15,localized_public_endpoint_catalog,,,,,,existing_v4.14_registry
Indeed_CL,https://cl.indeed.com/,Chile,Global,job_marketplace,job_aggregator,candidate,NEEDS_ANALYSIS,UNKNOWN,UNKNOWN,UNKNOWN,[],DISCOVERED,documented,False,HIGH,15,localized_public_endpoint_catalog,,,,,,existing_v4.14_registry
Indeed_CO,https://co.indeed.com/,Colombia,Global,job_marketplace,job_aggregator,candidate,NEEDS_ANALYSIS,UNKNOWN,UNKNOWN,UNKNOWN,[],DISCOVERED,documented,False,HIGH,15,localized_public_endpoint_catalog,,,,,,existing_v4.14_registry
Indeed_PE,https://pe.indeed.com/,Peru,Global,job_marketplace,job_aggregator,candidate,NEEDS_ANALYSIS,UNKNOWN,UNKNOWN,UNKNOWN,[],DISCOVERED,documented,False,HIGH,15,localized_public_endpoint_catalog,,,,,,existing_v4.14_registry
Indeed_KZ,https://kz.indeed.com/,Kazakhstan,Global,job_marketplace,job_aggregator,candidate,NEEDS_ANALYSIS,UNKNOWN,UNKNOWN,UNKNOWN,[],DISCOVERED,documented,False,HIGH,15,localized_public_endpoint_catalog,,,,,,existing_v4.14_registry
Indeed_UZ,https://uz.indeed.com/,Uzbekistan,Global,job_marketplace,job_aggregator,candidate,NEEDS_ANALYSIS,UNKNOWN,UNKNOWN,UNKNOWN,[],DISCOVERED,documented,False,HIGH,15,localized_public_endpoint_catalog,,,,,,existing_v4.14_registry
Indeed_GE,https://ge.indeed.com/,Georgia,Global,job_marketplace,job_aggregator,candidate,NEEDS_ANALYSIS,UNKNOWN,UNKNOWN,UNKNOWN,[],DISCOVERED,documented,False,HIGH,15,localized_public_endpoint_catalog,,,,,,existing_v4.14_registry
Indeed_AZ,https://az.indeed.com/,Azerbaijan,Global,job_marketplace,job_aggregator,candidate,NEEDS_ANALYSIS,UNKNOWN,UNKNOWN,UNKNOWN,[],DISCOVERED,documented,False,HIGH,15,localized_public_endpoint_catalog,,,,,,existing_v4.14_registry
Indeed_UA,https://ua.indeed.com/,Ukraine,Global,job_marketplace,job_aggregator,candidate,NEEDS_ANALYSIS,UNKNOWN,UNKNOWN,UNKNOWN,[],DISCOVERED,documented,False,HIGH,15,localized_public_endpoint_catalog,,,,,,existing_v4.14_registry
Indeed_RS,https://rs.indeed.com/,Serbia,Global,job_marketplace,job_aggregator,candidate,NEEDS_ANALYSIS,UNKNOWN,UNKNOWN,UNKNOWN,[],DISCOVERED,documented,False,HIGH,15,localized_public_endpoint_catalog,,,,,,existing_v4.14_registry
Indeed_HR,https://hr.indeed.com/,Croatia,Global,job_marketplace,job_aggregator,candidate,NEEDS_ANALYSIS,UNKNOWN,UNKNOWN,UNKNOWN,[],DISCOVERED,documented,False,HIGH,15,localized_public_endpoint_catalog,,,,,,existing_v4.14_registry
Indeed_EE,https://ee.indeed.com/,Estonia,Global,job_marketplace,job_aggregator,candidate,NEEDS_ANALYSIS,UNKNOWN,UNKNOWN,UNKNOWN,[],DISCOVERED,documented,False,HIGH,15,localized_public_endpoint_catalog,,,,,,existing_v4.14_registry
Indeed_LT,https://lt.indeed.com/,Lithuania,Global,job_marketplace,job_aggregator,candidate,NEEDS_ANALYSIS,UNKNOWN,UNKNOWN,UNKNOWN,[],DISCOVERED,documented,False,HIGH,15,localized_public_endpoint_catalog,,,,,,existing_v4.14_registry
Indeed_LV,https://lv.indeed.com/,Latvia,Global,job_marketplace,job_aggregator,candidate,NEEDS_ANALYSIS,UNKNOWN,UNKNOWN,UNKNOWN,[],DISCOVERED,documented,False,HIGH,15,localized_public_endpoint_catalog,,,,,,existing_v4.14_registry
Jooble_US,https://us.jooble.org/,United States,Global,job_marketplace,job_aggregator,candidate,NEEDS_ANALYSIS,UNKNOWN,UNKNOWN,UNKNOWN,[],DISCOVERED,documented,False,HIGH,15,localized_public_endpoint_catalog,,,,,,existing_v4.14_registry
Jooble_CA,https://ca.jooble.org/,Canada,Global,job_marketplace,job_aggregator,candidate,NEEDS_ANALYSIS,UNKNOWN,UNKNOWN,UNKNOWN,[],DISCOVERED,documented,False,HIGH,15,localized_public_endpoint_catalog,,,,,,existing_v4.14_registry
Jooble_GB,https://gb.jooble.org/,United Kingdom,Global,job_marketplace,job_aggregator,candidate,NEEDS_ANALYSIS,UNKNOWN,UNKNOWN,UNKNOWN,[],DISCOVERED,documented,False,HIGH,15,localized_public_endpoint_catalog,,,,,,existing_v4.14_registry
Jooble_DE,https://de.jooble.org/,Germany,Global,job_marketplace,job_aggregator,candidate,NEEDS_ANALYSIS,UNKNOWN,UNKNOWN,UNKNOWN,[],DISCOVERED,documented,False,HIGH,15,localized_public_endpoint_catalog,,,,,,existing_v4.14_registry
Jooble_FR,https://fr.jooble.org/,France,Global,job_marketplace,job_aggregator,candidate,NEEDS_ANALYSIS,UNKNOWN,UNKNOWN,UNKNOWN,[],DISCOVERED,documented,False,HIGH,15,localized_public_endpoint_catalog,,,,,,existing_v4.14_registry
Jooble_IT,https://it.jooble.org/,Italy,Global,job_marketplace,job_aggregator,candidate,NEEDS_ANALYSIS,UNKNOWN,UNKNOWN,UNKNOWN,[],DISCOVERED,documented,False,HIGH,15,localized_public_endpoint_catalog,,,,,,existing_v4.14_registry
Jooble_ES,https://es.jooble.org/,Spain,Global,job_marketplace,job_aggregator,candidate,NEEDS_ANALYSIS,UNKNOWN,UNKNOWN,UNKNOWN,[],DISCOVERED,documented,False,HIGH,15,localized_public_endpoint_catalog,,,,,,existing_v4.14_registry
Jooble_NL,https://nl.jooble.org/,Netherlands,Global,job_marketplace,job_aggregator,candidate,NEEDS_ANALYSIS,UNKNOWN,UNKNOWN,UNKNOWN,[],DISCOVERED,documented,False,HIGH,15,localized_public_endpoint_catalog,,,,,,existing_v4.14_registry
Jooble_BE,https://be.jooble.org/,Belgium,Global,job_marketplace,job_aggregator,candidate,NEEDS_ANALYSIS,UNKNOWN,UNKNOWN,UNKNOWN,[],DISCOVERED,documented,False,HIGH,15,localized_public_endpoint_catalog,,,,,,existing_v4.14_registry
Jooble_AT,https://at.jooble.org/,Austria,Global,job_marketplace,job_aggregator,candidate,NEEDS_ANALYSIS,UNKNOWN,UNKNOWN,UNKNOWN,[],DISCOVERED,documented,False,HIGH,15,localized_public_endpoint_catalog,,,,,,existing_v4.14_registry
Jooble_CH,https://ch.jooble.org/,Switzerland,Global,job_marketplace,job_aggregator,candidate,NEEDS_ANALYSIS,UNKNOWN,UNKNOWN,UNKNOWN,[],DISCOVERED,documented,False,HIGH,15,localized_public_endpoint_catalog,,,,,,existing_v4.14_registry
Jooble_SE,https://se.jooble.org/,Sweden,Global,job_marketplace,job_aggregator,candidate,NEEDS_ANALYSIS,UNKNOWN,UNKNOWN,UNKNOWN,[],DISCOVERED,documented,False,HIGH,15,localized_public_endpoint_catalog,,,,,,existing_v4.14_registry
Jooble_NO,https://no.jooble.org/,Norway,Global,job_marketplace,job_aggregator,candidate,NEEDS_ANALYSIS,UNKNOWN,UNKNOWN,UNKNOWN,[],DISCOVERED,documented,False,HIGH,15,localized_public_endpoint_catalog,,,,,,existing_v4.14_registry
Jooble_DK,https://dk.jooble.org/,Denmark,Global,job_marketplace,job_aggregator,candidate,NEEDS_ANALYSIS,UNKNOWN,UNKNOWN,UNKNOWN,[],DISCOVERED,documented,False,HIGH,15,localized_public_endpoint_catalog,,,,,,existing_v4.14_registry
Jooble_FI,https://fi.jooble.org/,Finland,Global,job_marketplace,job_aggregator,candidate,NEEDS_ANALYSIS,UNKNOWN,UNKNOWN,UNKNOWN,[],DISCOVERED,documented,False,HIGH,15,localized_public_endpoint_catalog,,,,,,existing_v4.14_registry
Jooble_IE,https://ie.jooble.org/,Ireland,Global,job_marketplace,job_aggregator,candidate,NEEDS_ANALYSIS,UNKNOWN,UNKNOWN,UNKNOWN,[],DISCOVERED,documented,False,HIGH,15,localized_public_endpoint_catalog,,,,,,existing_v4.14_registry
Jooble_PT,https://pt.jooble.org/,Portugal,Global,job_marketplace,job_aggregator,candidate,NEEDS_ANALYSIS,UNKNOWN,UNKNOWN,UNKNOWN,[],DISCOVERED,documented,False,HIGH,15,localized_public_endpoint_catalog,,,,,,existing_v4.14_registry
Jooble_PL,https://pl.jooble.org/,Poland,Global,job_marketplace,job_aggregator,candidate,NEEDS_ANALYSIS,UNKNOWN,UNKNOWN,UNKNOWN,[],DISCOVERED,documented,False,HIGH,15,localized_public_endpoint_catalog,,,,,,existing_v4.14_registry
Jooble_CZ,https://cz.jooble.org/,Czech Republic,Global,job_marketplace,job_aggregator,candidate,NEEDS_ANALYSIS,UNKNOWN,UNKNOWN,UNKNOWN,[],DISCOVERED,documented,False,HIGH,15,localized_public_endpoint_catalog,,,,,,existing_v4.14_registry
Jooble_HU,https://hu.jooble.org/,Hungary,Global,job_marketplace,job_aggregator,candidate,NEEDS_ANALYSIS,UNKNOWN,UNKNOWN,UNKNOWN,[],DISCOVERED,documented,False,HIGH,15,localized_public_endpoint_catalog,,,,,,existing_v4.14_registry
Jooble_RO,https://ro.jooble.org/,Romania,Global,job_marketplace,job_aggregator,candidate,NEEDS_ANALYSIS,UNKNOWN,UNKNOWN,UNKNOWN,[],DISCOVERED,documented,False,HIGH,15,localized_public_endpoint_catalog,,,,,,existing_v4.14_registry
Jooble_GR,https://gr.jooble.org/,Greece,Global,job_marketplace,job_aggregator,candidate,NEEDS_ANALYSIS,UNKNOWN,UNKNOWN,UNKNOWN,[],DISCOVERED,documented,False,HIGH,15,localized_public_endpoint_catalog,,,,,,existing_v4.14_registry
Jooble_TR,https://tr.jooble.org/,Türkiye,Global,job_marketplace,job_aggregator,candidate,NEEDS_ANALYSIS,UNKNOWN,UNKNOWN,UNKNOWN,[],DISCOVERED,documented,False,HIGH,15,localized_public_endpoint_catalog,,,,,,existing_v4.14_registry
Jooble_AE,https://ae.jooble.org/,United Arab Emirates,Global,job_marketplace,job_aggregator,candidate,NEEDS_ANALYSIS,UNKNOWN,UNKNOWN,UNKNOWN,[],DISCOVERED,documented,False,HIGH,15,localized_public_endpoint_catalog,,,,,,existing_v4.14_registry
Jooble_SA,https://sa.jooble.org/,Saudi Arabia,Global,job_marketplace,job_aggregator,candidate,NEEDS_ANALYSIS,UNKNOWN,UNKNOWN,UNKNOWN,[],DISCOVERED,documented,False,HIGH,15,localized_public_endpoint_catalog,,,,,,existing_v4.14_registry
Jooble_QA,https://qa.jooble.org/,Qatar,Global,job_marketplace,job_aggregator,candidate,NEEDS_ANALYSIS,UNKNOWN,UNKNOWN,UNKNOWN,[],DISCOVERED,documented,False,HIGH,15,localized_public_endpoint_catalog,,,,,,existing_v4.14_registry
Jooble_KW,https://kw.jooble.org/,Kuwait,Global,job_marketplace,job_aggregator,candidate,NEEDS_ANALYSIS,UNKNOWN,UNKNOWN,UNKNOWN,[],DISCOVERED,documented,False,HIGH,15,localized_public_endpoint_catalog,,,,,,existing_v4.14_registry
Jooble_BH,https://bh.jooble.org/,Bahrain,Global,job_marketplace,job_aggregator,candidate,NEEDS_ANALYSIS,UNKNOWN,UNKNOWN,UNKNOWN,[],DISCOVERED,documented,False,HIGH,15,localized_public_endpoint_catalog,,,,,,existing_v4.14_registry
Jooble_OM,https://om.jooble.org/,Oman,Global,job_marketplace,job_aggregator,candidate,NEEDS_ANALYSIS,UNKNOWN,UNKNOWN,UNKNOWN,[],DISCOVERED,documented,False,HIGH,15,localized_public_endpoint_catalog,,,,,,existing_v4.14_registry
Jooble_JO,https://jo.jooble.org/,Jordan,Global,job_marketplace,job_aggregator,candidate,NEEDS_ANALYSIS,UNKNOWN,UNKNOWN,UNKNOWN,[],DISCOVERED,documented,False,HIGH,15,localized_public_endpoint_catalog,,,,,,existing_v4.14_registry
Jooble_EG,https://eg.jooble.org/,Egypt,Global,job_marketplace,job_aggregator,candidate,NEEDS_ANALYSIS,UNKNOWN,UNKNOWN,UNKNOWN,[],DISCOVERED,documented,False,HIGH,15,localized_public_endpoint_catalog,,,,,,existing_v4.14_registry
Jooble_MA,https://ma.jooble.org/,Morocco,Global,job_marketplace,job_aggregator,candidate,NEEDS_ANALYSIS,UNKNOWN,UNKNOWN,UNKNOWN,[],DISCOVERED,documented,False,HIGH,15,localized_public_endpoint_catalog,,,,,,existing_v4.14_registry
Jooble_TN,https://tn.jooble.org/,Tunisia,Global,job_marketplace,job_aggregator,candidate,NEEDS_ANALYSIS,UNKNOWN,UNKNOWN,UNKNOWN,[],DISCOVERED,documented,False,HIGH,15,localized_public_endpoint_catalog,,,,,,existing_v4.14_registry
Jooble_ZA,https://za.jooble.org/,South Africa,Global,job_marketplace,job_aggregator,candidate,NEEDS_ANALYSIS,UNKNOWN,UNKNOWN,UNKNOWN,[],DISCOVERED,documented,False,HIGH,15,localized_public_endpoint_catalog,,,,,,existing_v4.14_registry
Jooble_NG,https://ng.jooble.org/,Nigeria,Global,job_marketplace,job_aggregator,candidate,NEEDS_ANALYSIS,UNKNOWN,UNKNOWN,UNKNOWN,[],DISCOVERED,documented,False,HIGH,15,localized_public_endpoint_catalog,,,,,,existing_v4.14_registry
Jooble_KE,https://ke.jooble.org/,Kenya,Global,job_marketplace,job_aggregator,candidate,NEEDS_ANALYSIS,UNKNOWN,UNKNOWN,UNKNOWN,[],DISCOVERED,documented,False,HIGH,15,localized_public_endpoint_catalog,,,,,,existing_v4.14_registry
Jooble_IN,https://in.jooble.org/,India,Global,job_marketplace,job_aggregator,candidate,NEEDS_ANALYSIS,UNKNOWN,UNKNOWN,UNKNOWN,[],DISCOVERED,documented,False,HIGH,15,localized_public_endpoint_catalog,,,,,,existing_v4.14_registry
Jooble_PK,https://pk.jooble.org/,Pakistan,Global,job_marketplace,job_aggregator,candidate,NEEDS_ANALYSIS,UNKNOWN,UNKNOWN,UNKNOWN,[],DISCOVERED,documented,False,HIGH,15,localized_public_endpoint_catalog,,,,,,existing_v4.14_registry
Jooble_BD,https://bd.jooble.org/,Bangladesh,Global,job_marketplace,job_aggregator,candidate,NEEDS_ANALYSIS,UNKNOWN,UNKNOWN,UNKNOWN,[],DISCOVERED,documented,False,HIGH,15,localized_public_endpoint_catalog,,,,,,existing_v4.14_registry
Jooble_LK,https://lk.jooble.org/,Sri Lanka,Global,job_marketplace,job_aggregator,candidate,NEEDS_ANALYSIS,UNKNOWN,UNKNOWN,UNKNOWN,[],DISCOVERED,documented,False,HIGH,15,localized_public_endpoint_catalog,,,,,,existing_v4.14_registry
Jooble_JP,https://jp.jooble.org/,Japan,Global,job_marketplace,job_aggregator,candidate,NEEDS_ANALYSIS,UNKNOWN,UNKNOWN,UNKNOWN,[],DISCOVERED,documented,False,HIGH,15,localized_public_endpoint_catalog,,,,,,existing_v4.14_registry
Jooble_KR,https://kr.jooble.org/,South Korea,Global,job_marketplace,job_aggregator,candidate,NEEDS_ANALYSIS,UNKNOWN,UNKNOWN,UNKNOWN,[],DISCOVERED,documented,False,HIGH,15,localized_public_endpoint_catalog,,,,,,existing_v4.14_registry
Jooble_SG,https://sg.jooble.org/,Singapore,Global,job_marketplace,job_aggregator,candidate,NEEDS_ANALYSIS,UNKNOWN,UNKNOWN,UNKNOWN,[],DISCOVERED,documented,False,HIGH,15,localized_public_endpoint_catalog,,,,,,existing_v4.14_registry
Jooble_MY,https://my.jooble.org/,Malaysia,Global,job_marketplace,job_aggregator,candidate,NEEDS_ANALYSIS,UNKNOWN,UNKNOWN,UNKNOWN,[],DISCOVERED,documented,False,HIGH,15,localized_public_endpoint_catalog,,,,,,existing_v4.14_registry
Jooble_ID,https://id.jooble.org/,Indonesia,Global,job_marketplace,job_aggregator,candidate,NEEDS_ANALYSIS,UNKNOWN,UNKNOWN,UNKNOWN,[],DISCOVERED,documented,False,HIGH,15,localized_public_endpoint_catalog,,,,,,existing_v4.14_registry
Jooble_PH,https://ph.jooble.org/,Philippines,Global,job_marketplace,job_aggregator,candidate,NEEDS_ANALYSIS,UNKNOWN,UNKNOWN,UNKNOWN,[],DISCOVERED,documented,False,HIGH,15,localized_public_endpoint_catalog,,,,,,existing_v4.14_registry
Jooble_VN,https://vn.jooble.org/,Vietnam,Global,job_marketplace,job_aggregator,candidate,NEEDS_ANALYSIS,UNKNOWN,UNKNOWN,UNKNOWN,[],DISCOVERED,documented,False,HIGH,15,localized_public_endpoint_catalog,,,,,,existing_v4.14_registry
Jooble_TH,https://th.jooble.org/,Thailand,Global,job_marketplace,job_aggregator,candidate,NEEDS_ANALYSIS,UNKNOWN,UNKNOWN,UNKNOWN,[],DISCOVERED,documented,False,HIGH,15,localized_public_endpoint_catalog,,,,,,existing_v4.14_registry
Jooble_AU,https://au.jooble.org/,Australia,Global,job_marketplace,job_aggregator,candidate,NEEDS_ANALYSIS,UNKNOWN,UNKNOWN,UNKNOWN,[],DISCOVERED,documented,False,HIGH,15,localized_public_endpoint_catalog,,,,,,existing_v4.14_registry
Jooble_NZ,https://nz.jooble.org/,New Zealand,Global,job_marketplace,job_aggregator,candidate,NEEDS_ANALYSIS,UNKNOWN,UNKNOWN,UNKNOWN,[],DISCOVERED,documented,False,HIGH,15,localized_public_endpoint_catalog,,,,,,existing_v4.14_registry
Jooble_BR,https://br.jooble.org/,Brazil,Global,job_marketplace,job_aggregator,candidate,NEEDS_ANALYSIS,UNKNOWN,UNKNOWN,UNKNOWN,[],DISCOVERED,documented,False,HIGH,15,localized_public_endpoint_catalog,,,,,,existing_v4.14_registry
Jooble_MX,https://mx.jooble.org/,Mexico,Global,job_marketplace,job_aggregator,candidate,NEEDS_ANALYSIS,UNKNOWN,UNKNOWN,UNKNOWN,[],DISCOVERED,documented,False,HIGH,15,localized_public_endpoint_catalog,,,,,,existing_v4.14_registry
Jooble_AR,https://ar.jooble.org/,Argentina,Global,job_marketplace,job_aggregator,candidate,NEEDS_ANALYSIS,UNKNOWN,UNKNOWN,UNKNOWN,[],DISCOVERED,documented,False,HIGH,15,localized_public_endpoint_catalog,,,,,,existing_v4.14_registry
Jooble_CL,https://cl.jooble.org/,Chile,Global,job_marketplace,job_aggregator,candidate,NEEDS_ANALYSIS,UNKNOWN,UNKNOWN,UNKNOWN,[],DISCOVERED,documented,False,HIGH,15,localized_public_endpoint_catalog,,,,,,existing_v4.14_registry
Jooble_CO,https://co.jooble.org/,Colombia,Global,job_marketplace,job_aggregator,candidate,NEEDS_ANALYSIS,UNKNOWN,UNKNOWN,UNKNOWN,[],DISCOVERED,documented,False,HIGH,15,localized_public_endpoint_catalog,,,,,,existing_v4.14_registry
Jooble_PE,https://pe.jooble.org/,Peru,Global,job_marketplace,job_aggregator,candidate,NEEDS_ANALYSIS,UNKNOWN,UNKNOWN,UNKNOWN,[],DISCOVERED,documented,False,HIGH,15,localized_public_endpoint_catalog,,,,,,existing_v4.14_registry
Jooble_KZ,https://kz.jooble.org/,Kazakhstan,Global,job_marketplace,job_aggregator,candidate,NEEDS_ANALYSIS,UNKNOWN,UNKNOWN,UNKNOWN,[],DISCOVERED,documented,False,HIGH,15,localized_public_endpoint_catalog,,,,,,existing_v4.14_registry
Jooble_UZ,https://uz.jooble.org/,Uzbekistan,Global,job_marketplace,job_aggregator,candidate,NEEDS_ANALYSIS,UNKNOWN,UNKNOWN,UNKNOWN,[],DISCOVERED,documented,False,HIGH,15,localized_public_endpoint_catalog,,,,,,existing_v4.14_registry
Jooble_GE,https://ge.jooble.org/,Georgia,Global,job_marketplace,job_aggregator,candidate,NEEDS_ANALYSIS,UNKNOWN,UNKNOWN,UNKNOWN,[],DISCOVERED,documented,False,HIGH,15,localized_public_endpoint_catalog,,,,,,existing_v4.14_registry
Jooble_AZ,https://az.jooble.org/,Azerbaijan,Global,job_marketplace,job_aggregator,candidate,NEEDS_ANALYSIS,UNKNOWN,UNKNOWN,UNKNOWN,[],DISCOVERED,documented,False,HIGH,15,localized_public_endpoint_catalog,,,,,,existing_v4.14_registry
Jooble_UA,https://ua.jooble.org/,Ukraine,Global,job_marketplace,job_aggregator,candidate,NEEDS_ANALYSIS,UNKNOWN,UNKNOWN,UNKNOWN,[],DISCOVERED,documented,False,HIGH,15,localized_public_endpoint_catalog,,,,,,existing_v4.14_registry
Jooble_RS,https://rs.jooble.org/,Serbia,Global,job_marketplace,job_aggregator,candidate,NEEDS_ANALYSIS,UNKNOWN,UNKNOWN,UNKNOWN,[],DISCOVERED,documented,False,HIGH,15,localized_public_endpoint_catalog,,,,,,existing_v4.14_registry
Jooble_HR,https://hr.jooble.org/,Croatia,Global,job_marketplace,job_aggregator,candidate,NEEDS_ANALYSIS,UNKNOWN,UNKNOWN,UNKNOWN,[],DISCOVERED,documented,False,HIGH,15,localized_public_endpoint_catalog,,,,,,existing_v4.14_registry
Jooble_EE,https://ee.jooble.org/,Estonia,Global,job_marketplace,job_aggregator,candidate,NEEDS_ANALYSIS,UNKNOWN,UNKNOWN,UNKNOWN,[],DISCOVERED,documented,False,HIGH,15,localized_public_endpoint_catalog,,,,,,existing_v4.14_registry
Jooble_LT,https://lt.jooble.org/,Lithuania,Global,job_marketplace,job_aggregator,candidate,NEEDS_ANALYSIS,UNKNOWN,UNKNOWN,UNKNOWN,[],DISCOVERED,documented,False,HIGH,15,localized_public_endpoint_catalog,,,,,,existing_v4.14_registry
Jooble_LV,https://lv.jooble.org/,Latvia,Global,job_marketplace,job_aggregator,candidate,NEEDS_ANALYSIS,UNKNOWN,UNKNOWN,UNKNOWN,[],DISCOVERED,documented,False,HIGH,15,localized_public_endpoint_catalog,,,,,,existing_v4.14_registry
Careerjet_CA,https://www.careerjet.ca/,Canada,Global,job_marketplace,job_aggregator,candidate,NEEDS_ANALYSIS,UNKNOWN,UNKNOWN,UNKNOWN,[],DISCOVERED,documented,False,HIGH,15,localized_public_endpoint_catalog,,,,,,existing_v4.14_registry
Careerjet_GB,https://www.careerjet.co.uk/,United Kingdom,Global,job_marketplace,job_aggregator,candidate,NEEDS_ANALYSIS,UNKNOWN,UNKNOWN,UNKNOWN,[],DISCOVERED,documented,False,HIGH,15,localized_public_endpoint_catalog,,,,,,existing_v4.14_registry
Careerjet_DE,https://www.careerjet.de/,Germany,Global,job_marketplace,job_aggregator,candidate,NEEDS_ANALYSIS,UNKNOWN,UNKNOWN,UNKNOWN,[],DISCOVERED,documented,False,HIGH,15,localized_public_endpoint_catalog,,,,,,existing_v4.14_registry
Careerjet_FR,https://www.careerjet.fr/,France,Global,job_marketplace,job_aggregator,candidate,NEEDS_ANALYSIS,UNKNOWN,UNKNOWN,UNKNOWN,[],DISCOVERED,documented,False,HIGH,15,localized_public_endpoint_catalog,,,,,,existing_v4.14_registry
Careerjet_IT,https://www.careerjet.it/,Italy,Global,job_marketplace,job_aggregator,candidate,NEEDS_ANALYSIS,UNKNOWN,UNKNOWN,UNKNOWN,[],DISCOVERED,documented,False,HIGH,15,localized_public_endpoint_catalog,,,,,,existing_v4.14_registry
Careerjet_ES,https://www.careerjet.es/,Spain,Global,job_marketplace,job_aggregator,candidate,NEEDS_ANALYSIS,UNKNOWN,UNKNOWN,UNKNOWN,[],DISCOVERED,documented,False,HIGH,15,localized_public_endpoint_catalog,,,,,,existing_v4.14_registry
Careerjet_NL,https://www.careerjet.nl/,Netherlands,Global,job_marketplace,job_aggregator,candidate,NEEDS_ANALYSIS,UNKNOWN,UNKNOWN,UNKNOWN,[],DISCOVERED,documented,False,HIGH,15,localized_public_endpoint_catalog,,,,,,existing_v4.14_registry
Careerjet_BE,https://www.careerjet.be/,Belgium,Global,job_marketplace,job_aggregator,candidate,NEEDS_ANALYSIS,UNKNOWN,UNKNOWN,UNKNOWN,[],DISCOVERED,documented,False,HIGH,15,localized_public_endpoint_catalog,,,,,,existing_v4.14_registry
Careerjet_AT,https://www.careerjet.at/,Austria,Global,job_marketplace,job_aggregator,candidate,NEEDS_ANALYSIS,UNKNOWN,UNKNOWN,UNKNOWN,[],DISCOVERED,documented,False,HIGH,15,localized_public_endpoint_catalog,,,,,,existing_v4.14_registry
Careerjet_CH,https://www.careerjet.ch/,Switzerland,Global,job_marketplace,job_aggregator,candidate,NEEDS_ANALYSIS,UNKNOWN,UNKNOWN,UNKNOWN,[],DISCOVERED,documented,False,HIGH,15,localized_public_endpoint_catalog,,,,,,existing_v4.14_registry
Careerjet_SE,https://www.careerjet.se/,Sweden,Global,job_marketplace,job_aggregator,candidate,NEEDS_ANALYSIS,UNKNOWN,UNKNOWN,UNKNOWN,[],DISCOVERED,documented,False,HIGH,15,localized_public_endpoint_catalog,,,,,,existing_v4.14_registry
Careerjet_NO,https://www.careerjet.no/,Norway,Global,job_marketplace,job_aggregator,candidate,NEEDS_ANALYSIS,UNKNOWN,UNKNOWN,UNKNOWN,[],DISCOVERED,documented,False,HIGH,15,localized_public_endpoint_catalog,,,,,,existing_v4.14_registry
Careerjet_DK,https://www.careerjet.dk/,Denmark,Global,job_marketplace,job_aggregator,candidate,NEEDS_ANALYSIS,UNKNOWN,UNKNOWN,UNKNOWN,[],DISCOVERED,documented,False,HIGH,15,localized_public_endpoint_catalog,,,,,,existing_v4.14_registry
Careerjet_FI,https://www.careerjet.fi/,Finland,Global,job_marketplace,job_aggregator,candidate,NEEDS_ANALYSIS,UNKNOWN,UNKNOWN,UNKNOWN,[],DISCOVERED,documented,False,HIGH,15,localized_public_endpoint_catalog,,,,,,existing_v4.14_registry
Careerjet_IE,https://www.careerjet.ie/,Ireland,Global,job_marketplace,job_aggregator,candidate,NEEDS_ANALYSIS,UNKNOWN,UNKNOWN,UNKNOWN,[],DISCOVERED,documented,False,HIGH,15,localized_public_endpoint_catalog,,,,,,existing_v4.14_registry
Careerjet_PT,https://www.careerjet.pt/,Portugal,Global,job_marketplace,job_aggregator,candidate,NEEDS_ANALYSIS,UNKNOWN,UNKNOWN,UNKNOWN,[],DISCOVERED,documented,False,HIGH,15,localized_public_endpoint_catalog,,,,,,existing_v4.14_registry
Careerjet_PL,https://www.careerjet.pl/,Poland,Global,job_marketplace,job_aggregator,candidate,NEEDS_ANALYSIS,UNKNOWN,UNKNOWN,UNKNOWN,[],DISCOVERED,documented,False,HIGH,15,localized_public_endpoint_catalog,,,,,,existing_v4.14_registry
Careerjet_CZ,https://www.careerjet.cz/,Czech Republic,Global,job_marketplace,job_aggregator,candidate,NEEDS_ANALYSIS,UNKNOWN,UNKNOWN,UNKNOWN,[],DISCOVERED,documented,False,HIGH,15,localized_public_endpoint_catalog,,,,,,existing_v4.14_registry
Careerjet_HU,https://www.careerjet.hu/,Hungary,Global,job_marketplace,job_aggregator,candidate,NEEDS_ANALYSIS,UNKNOWN,UNKNOWN,UNKNOWN,[],DISCOVERED,documented,False,HIGH,15,localized_public_endpoint_catalog,,,,,,existing_v4.14_registry
Careerjet_RO,https://www.careerjet.ro/,Romania,Global,job_marketplace,job_aggregator,candidate,NEEDS_ANALYSIS,UNKNOWN,UNKNOWN,UNKNOWN,[],DISCOVERED,documented,False,HIGH,15,localized_public_endpoint_catalog,,,,,,existing_v4.14_registry
Careerjet_GR,https://www.careerjet.gr/,Greece,Global,job_marketplace,job_aggregator,candidate,NEEDS_ANALYSIS,UNKNOWN,UNKNOWN,UNKNOWN,[],DISCOVERED,documented,False,HIGH,15,localized_public_endpoint_catalog,,,,,,existing_v4.14_registry
Careerjet_TR,https://www.careerjet.com.tr/,Türkiye,Global,job_marketplace,job_aggregator,candidate,NEEDS_ANALYSIS,UNKNOWN,UNKNOWN,UNKNOWN,[],DISCOVERED,documented,False,HIGH,15,localized_public_endpoint_catalog,,,,,,existing_v4.14_registry
Careerjet_AE,https://www.careerjet.ae/,United Arab Emirates,Global,job_marketplace,job_aggregator,candidate,NEEDS_ANALYSIS,UNKNOWN,UNKNOWN,UNKNOWN,[],DISCOVERED,documented,False,HIGH,15,localized_public_endpoint_catalog,,,,,,existing_v4.14_registry
Careerjet_SA,https://www.careerjet.sa/,Saudi Arabia,Global,job_marketplace,job_aggregator,candidate,NEEDS_ANALYSIS,UNKNOWN,UNKNOWN,UNKNOWN,[],DISCOVERED,documented,False,HIGH,15,localized_public_endpoint_catalog,,,,,,existing_v4.14_registry
Careerjet_QA,https://www.careerjet.qa/,Qatar,Global,job_marketplace,job_aggregator,candidate,NEEDS_ANALYSIS,UNKNOWN,UNKNOWN,UNKNOWN,[],DISCOVERED,documented,False,HIGH,15,localized_public_endpoint_catalog,,,,,,existing_v4.14_registry
Careerjet_KW,https://www.careerjet.kw/,Kuwait,Global,job_marketplace,job_aggregator,candidate,NEEDS_ANALYSIS,UNKNOWN,UNKNOWN,UNKNOWN,[],DISCOVERED,documented,False,HIGH,15,localized_public_endpoint_catalog,,,,,,existing_v4.14_registry
Careerjet_BH,https://www.careerjet.bh/,Bahrain,Global,job_marketplace,job_aggregator,candidate,NEEDS_ANALYSIS,UNKNOWN,UNKNOWN,UNKNOWN,[],DISCOVERED,documented,False,HIGH,15,localized_public_endpoint_catalog,,,,,,existing_v4.14_registry
Careerjet_OM,https://www.careerjet.om/,Oman,Global,job_marketplace,job_aggregator,candidate,NEEDS_ANALYSIS,UNKNOWN,UNKNOWN,UNKNOWN,[],DISCOVERED,documented,False,HIGH,15,localized_public_endpoint_catalog,,,,,,existing_v4.14_registry
Careerjet_JO,https://www.careerjet.jo/,Jordan,Global,job_marketplace,job_aggregator,candidate,NEEDS_ANALYSIS,UNKNOWN,UNKNOWN,UNKNOWN,[],DISCOVERED,documented,False,HIGH,15,localized_public_endpoint_catalog,,,,,,existing_v4.14_registry
Careerjet_EG,https://www.careerjet.eg/,Egypt,Global,job_marketplace,job_aggregator,candidate,NEEDS_ANALYSIS,UNKNOWN,UNKNOWN,UNKNOWN,[],DISCOVERED,documented,False,HIGH,15,localized_public_endpoint_catalog,,,,,,existing_v4.14_registry
Careerjet_MA,https://www.careerjet.ma/,Morocco,Global,job_marketplace,job_aggregator,candidate,NEEDS_ANALYSIS,UNKNOWN,UNKNOWN,UNKNOWN,[],DISCOVERED,documented,False,HIGH,15,localized_public_endpoint_catalog,,,,,,existing_v4.14_registry
Careerjet_TN,https://www.careerjet.tn/,Tunisia,Global,job_marketplace,job_aggregator,candidate,NEEDS_ANALYSIS,UNKNOWN,UNKNOWN,UNKNOWN,[],DISCOVERED,documented,False,HIGH,15,localized_public_endpoint_catalog,,,,,,existing_v4.14_registry
Careerjet_ZA,https://www.careerjet.co.za/,South Africa,Global,job_marketplace,job_aggregator,candidate,NEEDS_ANALYSIS,UNKNOWN,UNKNOWN,UNKNOWN,[],DISCOVERED,documented,False,HIGH,15,localized_public_endpoint_catalog,,,,,,existing_v4.14_registry
Careerjet_NG,https://www.careerjet.ng/,Nigeria,Global,job_marketplace,job_aggregator,candidate,NEEDS_ANALYSIS,UNKNOWN,UNKNOWN,UNKNOWN,[],DISCOVERED,documented,False,HIGH,15,localized_public_endpoint_catalog,,,,,,existing_v4.14_registry
Careerjet_KE,https://www.careerjet.ke/,Kenya,Global,job_marketplace,job_aggregator,candidate,NEEDS_ANALYSIS,UNKNOWN,UNKNOWN,UNKNOWN,[],DISCOVERED,documented,False,HIGH,15,localized_public_endpoint_catalog,,,,,,existing_v4.14_registry
Careerjet_IN,https://www.careerjet.co.in/,India,Global,job_marketplace,job_aggregator,candidate,NEEDS_ANALYSIS,UNKNOWN,UNKNOWN,UNKNOWN,[],DISCOVERED,documented,False,HIGH,15,localized_public_endpoint_catalog,,,,,,existing_v4.14_registry
Careerjet_PK,https://www.careerjet.pk/,Pakistan,Global,job_marketplace,job_aggregator,candidate,NEEDS_ANALYSIS,UNKNOWN,UNKNOWN,UNKNOWN,[],DISCOVERED,documented,False,HIGH,15,localized_public_endpoint_catalog,,,,,,existing_v4.14_registry
Careerjet_BD,https://www.careerjet.bd/,Bangladesh,Global,job_marketplace,job_aggregator,candidate,NEEDS_ANALYSIS,UNKNOWN,UNKNOWN,UNKNOWN,[],DISCOVERED,documented,False,HIGH,15,localized_public_endpoint_catalog,,,,,,existing_v4.14_registry
Careerjet_LK,https://www.careerjet.lk/,Sri Lanka,Global,job_marketplace,job_aggregator,candidate,NEEDS_ANALYSIS,UNKNOWN,UNKNOWN,UNKNOWN,[],DISCOVERED,documented,False,HIGH,15,localized_public_endpoint_catalog,,,,,,existing_v4.14_registry
Careerjet_JP,https://www.careerjet.jp/,Japan,Global,job_marketplace,job_aggregator,candidate,NEEDS_ANALYSIS,UNKNOWN,UNKNOWN,UNKNOWN,[],DISCOVERED,documented,False,HIGH,15,localized_public_endpoint_catalog,,,,,,existing_v4.14_registry
Careerjet_KR,https://www.careerjet.kr/,South Korea,Global,job_marketplace,job_aggregator,candidate,NEEDS_ANALYSIS,UNKNOWN,UNKNOWN,UNKNOWN,[],DISCOVERED,documented,False,HIGH,15,localized_public_endpoint_catalog,,,,,,existing_v4.14_registry
Careerjet_SG,https://www.careerjet.sg/,Singapore,Global,job_marketplace,job_aggregator,candidate,NEEDS_ANALYSIS,UNKNOWN,UNKNOWN,UNKNOWN,[],DISCOVERED,documented,False,HIGH,15,localized_public_endpoint_catalog,,,,,,existing_v4.14_registry
Careerjet_MY,https://www.careerjet.my/,Malaysia,Global,job_marketplace,job_aggregator,candidate,NEEDS_ANALYSIS,UNKNOWN,UNKNOWN,UNKNOWN,[],DISCOVERED,documented,False,HIGH,15,localized_public_endpoint_catalog,,,,,,existing_v4.14_registry
Careerjet_ID,https://www.careerjet.id/,Indonesia,Global,job_marketplace,job_aggregator,candidate,NEEDS_ANALYSIS,UNKNOWN,UNKNOWN,UNKNOWN,[],DISCOVERED,documented,False,HIGH,15,localized_public_endpoint_catalog,,,,,,existing_v4.14_registry
Careerjet_PH,https://www.careerjet.ph/,Philippines,Global,job_marketplace,job_aggregator,candidate,NEEDS_ANALYSIS,UNKNOWN,UNKNOWN,UNKNOWN,[],DISCOVERED,documented,False,HIGH,15,localized_public_endpoint_catalog,,,,,,existing_v4.14_registry
Careerjet_VN,https://www.careerjet.vn/,Vietnam,Global,job_marketplace,job_aggregator,candidate,NEEDS_ANALYSIS,UNKNOWN,UNKNOWN,UNKNOWN,[],DISCOVERED,documented,False,HIGH,15,localized_public_endpoint_catalog,,,,,,existing_v4.14_registry
Careerjet_TH,https://www.careerjet.th/,Thailand,Global,job_marketplace,job_aggregator,candidate,NEEDS_ANALYSIS,UNKNOWN,UNKNOWN,UNKNOWN,[],DISCOVERED,documented,False,HIGH,15,localized_public_endpoint_catalog,,,,,,existing_v4.14_registry
Careerjet_AU,https://www.careerjet.com.au/,Australia,Global,job_marketplace,job_aggregator,candidate,NEEDS_ANALYSIS,UNKNOWN,UNKNOWN,UNKNOWN,[],DISCOVERED,documented,False,HIGH,15,localized_public_endpoint_catalog,,,,,,existing_v4.14_registry
Careerjet_NZ,https://www.careerjet.co.nz/,New Zealand,Global,job_marketplace,job_aggregator,candidate,NEEDS_ANALYSIS,UNKNOWN,UNKNOWN,UNKNOWN,[],DISCOVERED,documented,False,HIGH,15,localized_public_endpoint_catalog,,,,,,existing_v4.14_registry
Careerjet_BR,https://www.careerjet.com.br/,Brazil,Global,job_marketplace,job_aggregator,candidate,NEEDS_ANALYSIS,UNKNOWN,UNKNOWN,UNKNOWN,[],DISCOVERED,documented,False,HIGH,15,localized_public_endpoint_catalog,,,,,,existing_v4.14_registry
Careerjet_MX,https://www.careerjet.com.mx/,Mexico,Global,job_marketplace,job_aggregator,candidate,NEEDS_ANALYSIS,UNKNOWN,UNKNOWN,UNKNOWN,[],DISCOVERED,documented,False,HIGH,15,localized_public_endpoint_catalog,,,,,,existing_v4.14_registry
Careerjet_AR,https://www.careerjet.com.ar/,Argentina,Global,job_marketplace,job_aggregator,candidate,NEEDS_ANALYSIS,UNKNOWN,UNKNOWN,UNKNOWN,[],DISCOVERED,documented,False,HIGH,15,localized_public_endpoint_catalog,,,,,,existing_v4.14_registry
Careerjet_CL,https://www.careerjet.cl/,Chile,Global,job_marketplace,job_aggregator,candidate,NEEDS_ANALYSIS,UNKNOWN,UNKNOWN,UNKNOWN,[],DISCOVERED,documented,False,HIGH,15,localized_public_endpoint_catalog,,,,,,existing_v4.14_registry
Careerjet_CO,https://www.careerjet.co/,Colombia,Global,job_marketplace,job_aggregator,candidate,NEEDS_ANALYSIS,UNKNOWN,UNKNOWN,UNKNOWN,[],DISCOVERED,documented,False,HIGH,15,localized_public_endpoint_catalog,,,,,,existing_v4.14_registry
Careerjet_PE,https://www.careerjet.pe/,Peru,Global,job_marketplace,job_aggregator,candidate,NEEDS_ANALYSIS,UNKNOWN,UNKNOWN,UNKNOWN,[],DISCOVERED,documented,False,HIGH,15,localized_public_endpoint_catalog,,,,,,existing_v4.14_registry
Careerjet_KZ,https://www.careerjet.kz/,Kazakhstan,Global,job_marketplace,job_aggregator,candidate,NEEDS_ANALYSIS,UNKNOWN,UNKNOWN,UNKNOWN,[],DISCOVERED,documented,False,HIGH,15,localized_public_endpoint_catalog,,,,,,existing_v4.14_registry
Careerjet_UZ,https://www.careerjet.uz/,Uzbekistan,Global,job_marketplace,job_aggregator,candidate,NEEDS_ANALYSIS,UNKNOWN,UNKNOWN,UNKNOWN,[],DISCOVERED,documented,False,HIGH,15,localized_public_endpoint_catalog,,,,,,existing_v4.14_registry
Careerjet_GE,https://www.careerjet.ge/,Georgia,Global,job_marketplace,job_aggregator,candidate,NEEDS_ANALYSIS,UNKNOWN,UNKNOWN,UNKNOWN,[],DISCOVERED,documented,False,HIGH,15,localized_public_endpoint_catalog,,,,,,existing_v4.14_registry
Careerjet_AZ,https://www.careerjet.az/,Azerbaijan,Global,job_marketplace,job_aggregator,candidate,NEEDS_ANALYSIS,UNKNOWN,UNKNOWN,UNKNOWN,[],DISCOVERED,documented,False,HIGH,15,localized_public_endpoint_catalog,,,,,,existing_v4.14_registry
Careerjet_UA,https://www.careerjet.ua/,Ukraine,Global,job_marketplace,job_aggregator,candidate,NEEDS_ANALYSIS,UNKNOWN,UNKNOWN,UNKNOWN,[],DISCOVERED,documented,False,HIGH,15,localized_public_endpoint_catalog,,,,,,existing_v4.14_registry
Careerjet_RS,https://www.careerjet.rs/,Serbia,Global,job_marketplace,job_aggregator,candidate,NEEDS_ANALYSIS,UNKNOWN,UNKNOWN,UNKNOWN,[],DISCOVERED,documented,False,HIGH,15,localized_public_endpoint_catalog,,,,,,existing_v4.14_registry
Careerjet_HR,https://www.careerjet.hr/,Croatia,Global,job_marketplace,job_aggregator,candidate,NEEDS_ANALYSIS,UNKNOWN,UNKNOWN,UNKNOWN,[],DISCOVERED,documented,False,HIGH,15,localized_public_endpoint_catalog,,,,,,existing_v4.14_registry
Careerjet_EE,https://www.careerjet.ee/,Estonia,Global,job_marketplace,job_aggregator,candidate,NEEDS_ANALYSIS,UNKNOWN,UNKNOWN,UNKNOWN,[],DISCOVERED,documented,False,HIGH,15,localized_public_endpoint_catalog,,,,,,existing_v4.14_registry
Careerjet_LT,https://www.careerjet.lt/,Lithuania,Global,job_marketplace,job_aggregator,candidate,NEEDS_ANALYSIS,UNKNOWN,UNKNOWN,UNKNOWN,[],DISCOVERED,documented,False,HIGH,15,localized_public_endpoint_catalog,,,,,,existing_v4.14_registry
Careerjet_LV,https://www.careerjet.lv/,Latvia,Global,job_marketplace,job_aggregator,candidate,NEEDS_ANALYSIS,UNKNOWN,UNKNOWN,UNKNOWN,[],DISCOVERED,documented,False,HIGH,15,localized_public_endpoint_catalog,,,,,,existing_v4.14_registry
Adzuna_CA,https://www.adzuna.ca/,Canada,Global,job_marketplace,job_aggregator,candidate,NEEDS_ANALYSIS,UNKNOWN,UNKNOWN,UNKNOWN,[],DISCOVERED,documented,False,HIGH,15,localized_public_endpoint_catalog,,,,,,existing_v4.14_registry
Adzuna_GB,https://www.adzuna.co.uk/,United Kingdom,Global,job_marketplace,job_aggregator,candidate,NEEDS_ANALYSIS,UNKNOWN,UNKNOWN,UNKNOWN,[],DISCOVERED,documented,False,HIGH,15,localized_public_endpoint_catalog,,,,,,existing_v4.14_registry
Adzuna_DE,https://www.adzuna.de/,Germany,Global,job_marketplace,job_aggregator,candidate,NEEDS_ANALYSIS,UNKNOWN,UNKNOWN,UNKNOWN,[],DISCOVERED,documented,False,HIGH,15,localized_public_endpoint_catalog,,,,,,existing_v4.14_registry
Adzuna_FR,https://www.adzuna.fr/,France,Global,job_marketplace,job_aggregator,candidate,NEEDS_ANALYSIS,UNKNOWN,UNKNOWN,UNKNOWN,[],DISCOVERED,documented,False,HIGH,15,localized_public_endpoint_catalog,,,,,,existing_v4.14_registry
Adzuna_IT,https://www.adzuna.it/,Italy,Global,job_marketplace,job_aggregator,candidate,NEEDS_ANALYSIS,UNKNOWN,UNKNOWN,UNKNOWN,[],DISCOVERED,documented,False,HIGH,15,localized_public_endpoint_catalog,,,,,,existing_v4.14_registry
Adzuna_ES,https://www.adzuna.es/,Spain,Global,job_marketplace,job_aggregator,candidate,NEEDS_ANALYSIS,UNKNOWN,UNKNOWN,UNKNOWN,[],DISCOVERED,documented,False,HIGH,15,localized_public_endpoint_catalog,,,,,,existing_v4.14_registry
Adzuna_NL,https://www.adzuna.nl/,Netherlands,Global,job_marketplace,job_aggregator,candidate,NEEDS_ANALYSIS,UNKNOWN,UNKNOWN,UNKNOWN,[],DISCOVERED,documented,False,HIGH,15,localized_public_endpoint_catalog,,,,,,existing_v4.14_registry
Adzuna_BE,https://www.adzuna.be/,Belgium,Global,job_marketplace,job_aggregator,candidate,NEEDS_ANALYSIS,UNKNOWN,UNKNOWN,UNKNOWN,[],DISCOVERED,documented,False,HIGH,15,localized_public_endpoint_catalog,,,,,,existing_v4.14_registry
Adzuna_AT,https://www.adzuna.at/,Austria,Global,job_marketplace,job_aggregator,candidate,NEEDS_ANALYSIS,UNKNOWN,UNKNOWN,UNKNOWN,[],DISCOVERED,documented,False,HIGH,15,localized_public_endpoint_catalog,,,,,,existing_v4.14_registry
Adzuna_CH,https://www.adzuna.ch/,Switzerland,Global,job_marketplace,job_aggregator,candidate,NEEDS_ANALYSIS,UNKNOWN,UNKNOWN,UNKNOWN,[],DISCOVERED,documented,False,HIGH,15,localized_public_endpoint_catalog,,,,,,existing_v4.14_registry
Adzuna_SE,https://www.adzuna.se/,Sweden,Global,job_marketplace,job_aggregator,candidate,NEEDS_ANALYSIS,UNKNOWN,UNKNOWN,UNKNOWN,[],DISCOVERED,documented,False,HIGH,15,localized_public_endpoint_catalog,,,,,,existing_v4.14_registry
Adzuna_NO,https://www.adzuna.no/,Norway,Global,job_marketplace,job_aggregator,candidate,NEEDS_ANALYSIS,UNKNOWN,UNKNOWN,UNKNOWN,[],DISCOVERED,documented,False,HIGH,15,localized_public_endpoint_catalog,,,,,,existing_v4.14_registry
Adzuna_DK,https://www.adzuna.dk/,Denmark,Global,job_marketplace,job_aggregator,candidate,NEEDS_ANALYSIS,UNKNOWN,UNKNOWN,UNKNOWN,[],DISCOVERED,documented,False,HIGH,15,localized_public_endpoint_catalog,,,,,,existing_v4.14_registry
Adzuna_FI,https://www.adzuna.fi/,Finland,Global,job_marketplace,job_aggregator,candidate,NEEDS_ANALYSIS,UNKNOWN,UNKNOWN,UNKNOWN,[],DISCOVERED,documented,False,HIGH,15,localized_public_endpoint_catalog,,,,,,existing_v4.14_registry
Adzuna_IE,https://www.adzuna.ie/,Ireland,Global,job_marketplace,job_aggregator,candidate,NEEDS_ANALYSIS,UNKNOWN,UNKNOWN,UNKNOWN,[],DISCOVERED,documented,False,HIGH,15,localized_public_endpoint_catalog,,,,,,existing_v4.14_registry
Adzuna_PT,https://www.adzuna.pt/,Portugal,Global,job_marketplace,job_aggregator,candidate,NEEDS_ANALYSIS,UNKNOWN,UNKNOWN,UNKNOWN,[],DISCOVERED,documented,False,HIGH,15,localized_public_endpoint_catalog,,,,,,existing_v4.14_registry
Adzuna_PL,https://www.adzuna.pl/,Poland,Global,job_marketplace,job_aggregator,candidate,NEEDS_ANALYSIS,UNKNOWN,UNKNOWN,UNKNOWN,[],DISCOVERED,documented,False,HIGH,15,localized_public_endpoint_catalog,,,,,,existing_v4.14_registry
Adzuna_CZ,https://www.adzuna.cz/,Czech Republic,Global,job_marketplace,job_aggregator,candidate,NEEDS_ANALYSIS,UNKNOWN,UNKNOWN,UNKNOWN,[],DISCOVERED,documented,False,HIGH,15,localized_public_endpoint_catalog,,,,,,existing_v4.14_registry
Adzuna_HU,https://www.adzuna.hu/,Hungary,Global,job_marketplace,job_aggregator,candidate,NEEDS_ANALYSIS,UNKNOWN,UNKNOWN,UNKNOWN,[],DISCOVERED,documented,False,HIGH,15,localized_public_endpoint_catalog,,,,,,existing_v4.14_registry
Adzuna_RO,https://www.adzuna.ro/,Romania,Global,job_marketplace,job_aggregator,candidate,NEEDS_ANALYSIS,UNKNOWN,UNKNOWN,UNKNOWN,[],DISCOVERED,documented,False,HIGH,15,localized_public_endpoint_catalog,,,,,,existing_v4.14_registry
Adzuna_GR,https://www.adzuna.gr/,Greece,Global,job_marketplace,job_aggregator,candidate,NEEDS_ANALYSIS,UNKNOWN,UNKNOWN,UNKNOWN,[],DISCOVERED,documented,False,HIGH,15,localized_public_endpoint_catalog,,,,,,existing_v4.14_registry
Adzuna_TR,https://www.adzuna.com.tr/,Türkiye,Global,job_marketplace,job_aggregator,candidate,NEEDS_ANALYSIS,UNKNOWN,UNKNOWN,UNKNOWN,[],DISCOVERED,documented,False,HIGH,15,localized_public_endpoint_catalog,,,,,,existing_v4.14_registry
Adzuna_AE,https://www.adzuna.ae/,United Arab Emirates,Global,job_marketplace,job_aggregator,candidate,NEEDS_ANALYSIS,UNKNOWN,UNKNOWN,UNKNOWN,[],DISCOVERED,documented,False,HIGH,15,localized_public_endpoint_catalog,,,,,,existing_v4.14_registry
Adzuna_SA,https://www.adzuna.sa/,Saudi Arabia,Global,job_marketplace,job_aggregator,candidate,NEEDS_ANALYSIS,UNKNOWN,UNKNOWN,UNKNOWN,[],DISCOVERED,documented,False,HIGH,15,localized_public_endpoint_catalog,,,,,,existing_v4.14_registry
Adzuna_QA,https://www.adzuna.qa/,Qatar,Global,job_marketplace,job_aggregator,candidate,NEEDS_ANALYSIS,UNKNOWN,UNKNOWN,UNKNOWN,[],DISCOVERED,documented,False,HIGH,15,localized_public_endpoint_catalog,,,,,,existing_v4.14_registry
Adzuna_KW,https://www.adzuna.kw/,Kuwait,Global,job_marketplace,job_aggregator,candidate,NEEDS_ANALYSIS,UNKNOWN,UNKNOWN,UNKNOWN,[],DISCOVERED,documented,False,HIGH,15,localized_public_endpoint_catalog,,,,,,existing_v4.14_registry
Adzuna_BH,https://www.adzuna.bh/,Bahrain,Global,job_marketplace,job_aggregator,candidate,NEEDS_ANALYSIS,UNKNOWN,UNKNOWN,UNKNOWN,[],DISCOVERED,documented,False,HIGH,15,localized_public_endpoint_catalog,,,,,,existing_v4.14_registry
Adzuna_OM,https://www.adzuna.om/,Oman,Global,job_marketplace,job_aggregator,candidate,NEEDS_ANALYSIS,UNKNOWN,UNKNOWN,UNKNOWN,[],DISCOVERED,documented,False,HIGH,15,localized_public_endpoint_catalog,,,,,,existing_v4.14_registry
Adzuna_JO,https://www.adzuna.jo/,Jordan,Global,job_marketplace,job_aggregator,candidate,NEEDS_ANALYSIS,UNKNOWN,UNKNOWN,UNKNOWN,[],DISCOVERED,documented,False,HIGH,15,localized_public_endpoint_catalog,,,,,,existing_v4.14_registry
Adzuna_EG,https://www.adzuna.eg/,Egypt,Global,job_marketplace,job_aggregator,candidate,NEEDS_ANALYSIS,UNKNOWN,UNKNOWN,UNKNOWN,[],DISCOVERED,documented,False,HIGH,15,localized_public_endpoint_catalog,,,,,,existing_v4.14_registry
Adzuna_MA,https://www.adzuna.ma/,Morocco,Global,job_marketplace,job_aggregator,candidate,NEEDS_ANALYSIS,UNKNOWN,UNKNOWN,UNKNOWN,[],DISCOVERED,documented,False,HIGH,15,localized_public_endpoint_catalog,,,,,,existing_v4.14_registry
Adzuna_TN,https://www.adzuna.tn/,Tunisia,Global,job_marketplace,job_aggregator,candidate,NEEDS_ANALYSIS,UNKNOWN,UNKNOWN,UNKNOWN,[],DISCOVERED,documented,False,HIGH,15,localized_public_endpoint_catalog,,,,,,existing_v4.14_registry
Adzuna_ZA,https://www.adzuna.co.za/,South Africa,Global,job_marketplace,job_aggregator,candidate,NEEDS_ANALYSIS,UNKNOWN,UNKNOWN,UNKNOWN,[],DISCOVERED,documented,False,HIGH,15,localized_public_endpoint_catalog,,,,,,existing_v4.14_registry
Adzuna_NG,https://www.adzuna.ng/,Nigeria,Global,job_marketplace,job_aggregator,candidate,NEEDS_ANALYSIS,UNKNOWN,UNKNOWN,UNKNOWN,[],DISCOVERED,documented,False,HIGH,15,localized_public_endpoint_catalog,,,,,,existing_v4.14_registry
Adzuna_KE,https://www.adzuna.ke/,Kenya,Global,job_marketplace,job_aggregator,candidate,NEEDS_ANALYSIS,UNKNOWN,UNKNOWN,UNKNOWN,[],DISCOVERED,documented,False,HIGH,15,localized_public_endpoint_catalog,,,,,,existing_v4.14_registry
Adzuna_IN,https://www.adzuna.co.in/,India,Global,job_marketplace,job_aggregator,candidate,NEEDS_ANALYSIS,UNKNOWN,UNKNOWN,UNKNOWN,[],DISCOVERED,documented,False,HIGH,15,localized_public_endpoint_catalog,,,,,,existing_v4.14_registry
Adzuna_PK,https://www.adzuna.pk/,Pakistan,Global,job_marketplace,job_aggregator,candidate,NEEDS_ANALYSIS,UNKNOWN,UNKNOWN,UNKNOWN,[],DISCOVERED,documented,False,HIGH,15,localized_public_endpoint_catalog,,,,,,existing_v4.14_registry
Adzuna_BD,https://www.adzuna.bd/,Bangladesh,Global,job_marketplace,job_aggregator,candidate,NEEDS_ANALYSIS,UNKNOWN,UNKNOWN,UNKNOWN,[],DISCOVERED,documented,False,HIGH,15,localized_public_endpoint_catalog,,,,,,existing_v4.14_registry
Adzuna_LK,https://www.adzuna.lk/,Sri Lanka,Global,job_marketplace,job_aggregator,candidate,NEEDS_ANALYSIS,UNKNOWN,UNKNOWN,UNKNOWN,[],DISCOVERED,documented,False,HIGH,15,localized_public_endpoint_catalog,,,,,,existing_v4.14_registry
Adzuna_JP,https://www.adzuna.jp/,Japan,Global,job_marketplace,job_aggregator,candidate,NEEDS_ANALYSIS,UNKNOWN,UNKNOWN,UNKNOWN,[],DISCOVERED,documented,False,HIGH,15,localized_public_endpoint_catalog,,,,,,existing_v4.14_registry
Adzuna_KR,https://www.adzuna.kr/,South Korea,Global,job_marketplace,job_aggregator,candidate,NEEDS_ANALYSIS,UNKNOWN,UNKNOWN,UNKNOWN,[],DISCOVERED,documented,False,HIGH,15,localized_public_endpoint_catalog,,,,,,existing_v4.14_registry
Adzuna_SG,https://www.adzuna.sg/,Singapore,Global,job_marketplace,job_aggregator,candidate,NEEDS_ANALYSIS,UNKNOWN,UNKNOWN,UNKNOWN,[],DISCOVERED,documented,False,HIGH,15,localized_public_endpoint_catalog,,,,,,existing_v4.14_registry
Adzuna_MY,https://www.adzuna.my/,Malaysia,Global,job_marketplace,job_aggregator,candidate,NEEDS_ANALYSIS,UNKNOWN,UNKNOWN,UNKNOWN,[],DISCOVERED,documented,False,HIGH,15,localized_public_endpoint_catalog,,,,,,existing_v4.14_registry
Adzuna_ID,https://www.adzuna.id/,Indonesia,Global,job_marketplace,job_aggregator,candidate,NEEDS_ANALYSIS,UNKNOWN,UNKNOWN,UNKNOWN,[],DISCOVERED,documented,False,HIGH,15,localized_public_endpoint_catalog,,,,,,existing_v4.14_registry
Adzuna_PH,https://www.adzuna.ph/,Philippines,Global,job_marketplace,job_aggregator,candidate,NEEDS_ANALYSIS,UNKNOWN,UNKNOWN,UNKNOWN,[],DISCOVERED,documented,False,HIGH,15,localized_public_endpoint_catalog,,,,,,existing_v4.14_registry
Adzuna_VN,https://www.adzuna.vn/,Vietnam,Global,job_marketplace,job_aggregator,candidate,NEEDS_ANALYSIS,UNKNOWN,UNKNOWN,UNKNOWN,[],DISCOVERED,documented,False,HIGH,15,localized_public_endpoint_catalog,,,,,,existing_v4.14_registry
Adzuna_TH,https://www.adzuna.th/,Thailand,Global,job_marketplace,job_aggregator,candidate,NEEDS_ANALYSIS,UNKNOWN,UNKNOWN,UNKNOWN,[],DISCOVERED,documented,False,HIGH,15,localized_public_endpoint_catalog,,,,,,existing_v4.14_registry
Adzuna_AU,https://www.adzuna.com.au/,Australia,Global,job_marketplace,job_aggregator,candidate,NEEDS_ANALYSIS,UNKNOWN,UNKNOWN,UNKNOWN,[],DISCOVERED,documented,False,HIGH,15,localized_public_endpoint_catalog,,,,,,existing_v4.14_registry
Adzuna_NZ,https://www.adzuna.co.nz/,New Zealand,Global,job_marketplace,job_aggregator,candidate,NEEDS_ANALYSIS,UNKNOWN,UNKNOWN,UNKNOWN,[],DISCOVERED,documented,False,HIGH,15,localized_public_endpoint_catalog,,,,,,existing_v4.14_registry
Adzuna_BR,https://www.adzuna.com.br/,Brazil,Global,job_marketplace,job_aggregator,candidate,NEEDS_ANALYSIS,UNKNOWN,UNKNOWN,UNKNOWN,[],DISCOVERED,documented,False,HIGH,15,localized_public_endpoint_catalog,,,,,,existing_v4.14_registry
Adzuna_MX,https://www.adzuna.com.mx/,Mexico,Global,job_marketplace,job_aggregator,candidate,NEEDS_ANALYSIS,UNKNOWN,UNKNOWN,UNKNOWN,[],DISCOVERED,documented,False,HIGH,15,localized_public_endpoint_catalog,,,,,,existing_v4.14_registry
Adzuna_AR,https://www.adzuna.com.ar/,Argentina,Global,job_marketplace,job_aggregator,candidate,NEEDS_ANALYSIS,UNKNOWN,UNKNOWN,UNKNOWN,[],DISCOVERED,documented,False,HIGH,15,localized_public_endpoint_catalog,,,,,,existing_v4.14_registry
Adzuna_CL,https://www.adzuna.cl/,Chile,Global,job_marketplace,job_aggregator,candidate,NEEDS_ANALYSIS,UNKNOWN,UNKNOWN,UNKNOWN,[],DISCOVERED,documented,False,HIGH,15,localized_public_endpoint_catalog,,,,,,existing_v4.14_registry
Adzuna_CO,https://www.adzuna.co/,Colombia,Global,job_marketplace,job_aggregator,candidate,NEEDS_ANALYSIS,UNKNOWN,UNKNOWN,UNKNOWN,[],DISCOVERED,documented,False,HIGH,15,localized_public_endpoint_catalog,,,,,,existing_v4.14_registry
Adzuna_PE,https://www.adzuna.pe/,Peru,Global,job_marketplace,job_aggregator,candidate,NEEDS_ANALYSIS,UNKNOWN,UNKNOWN,UNKNOWN,[],DISCOVERED,documented,False,HIGH,15,localized_public_endpoint_catalog,,,,,,existing_v4.14_registry
Adzuna_KZ,https://www.adzuna.kz/,Kazakhstan,Global,job_marketplace,job_aggregator,candidate,NEEDS_ANALYSIS,UNKNOWN,UNKNOWN,UNKNOWN,[],DISCOVERED,documented,False,HIGH,15,localized_public_endpoint_catalog,,,,,,existing_v4.14_registry
Adzuna_UZ,https://www.adzuna.uz/,Uzbekistan,Global,job_marketplace,job_aggregator,candidate,NEEDS_ANALYSIS,UNKNOWN,UNKNOWN,UNKNOWN,[],DISCOVERED,documented,False,HIGH,15,localized_public_endpoint_catalog,,,,,,existing_v4.14_registry
Adzuna_GE,https://www.adzuna.ge/,Georgia,Global,job_marketplace,job_aggregator,candidate,NEEDS_ANALYSIS,UNKNOWN,UNKNOWN,UNKNOWN,[],DISCOVERED,documented,False,HIGH,15,localized_public_endpoint_catalog,,,,,,existing_v4.14_registry
Adzuna_AZ,https://www.adzuna.az/,Azerbaijan,Global,job_marketplace,job_aggregator,candidate,NEEDS_ANALYSIS,UNKNOWN,UNKNOWN,UNKNOWN,[],DISCOVERED,documented,False,HIGH,15,localized_public_endpoint_catalog,,,,,,existing_v4.14_registry
Adzuna_UA,https://www.adzuna.ua/,Ukraine,Global,job_marketplace,job_aggregator,candidate,NEEDS_ANALYSIS,UNKNOWN,UNKNOWN,UNKNOWN,[],DISCOVERED,documented,False,HIGH,15,localized_public_endpoint_catalog,,,,,,existing_v4.14_registry
Adzuna_RS,https://www.adzuna.rs/,Serbia,Global,job_marketplace,job_aggregator,candidate,NEEDS_ANALYSIS,UNKNOWN,UNKNOWN,UNKNOWN,[],DISCOVERED,documented,False,HIGH,15,localized_public_endpoint_catalog,,,,,,existing_v4.14_registry
Adzuna_HR,https://www.adzuna.hr/,Croatia,Global,job_marketplace,job_aggregator,candidate,NEEDS_ANALYSIS,UNKNOWN,UNKNOWN,UNKNOWN,[],DISCOVERED,documented,False,HIGH,15,localized_public_endpoint_catalog,,,,,,existing_v4.14_registry
Adzuna_EE,https://www.adzuna.ee/,Estonia,Global,job_marketplace,job_aggregator,candidate,NEEDS_ANALYSIS,UNKNOWN,UNKNOWN,UNKNOWN,[],DISCOVERED,documented,False,HIGH,15,localized_public_endpoint_catalog,,,,,,existing_v4.14_registry
Adzuna_LT,https://www.adzuna.lt/,Lithuania,Global,job_marketplace,job_aggregator,candidate,NEEDS_ANALYSIS,UNKNOWN,UNKNOWN,UNKNOWN,[],DISCOVERED,documented,False,HIGH,15,localized_public_endpoint_catalog,,,,,,existing_v4.14_registry
Adzuna_LV,https://www.adzuna.lv/,Latvia,Global,job_marketplace,job_aggregator,candidate,NEEDS_ANALYSIS,UNKNOWN,UNKNOWN,UNKNOWN,[],DISCOVERED,documented,False,HIGH,15,localized_public_endpoint_catalog,,,,,,existing_v4.14_registry
Talent_US,https://www.talent.com/us/,United States,Global,job_marketplace,job_aggregator,candidate,NEEDS_ANALYSIS,UNKNOWN,UNKNOWN,UNKNOWN,[],DISCOVERED,documented,False,HIGH,15,localized_public_endpoint_catalog,,,,,,existing_v4.14_registry
Talent_CA,https://www.talent.com/ca/,Canada,Global,job_marketplace,job_aggregator,candidate,NEEDS_ANALYSIS,UNKNOWN,UNKNOWN,UNKNOWN,[],DISCOVERED,documented,False,HIGH,15,localized_public_endpoint_catalog,,,,,,existing_v4.14_registry
Talent_GB,https://www.talent.com/gb/,United Kingdom,Global,job_marketplace,job_aggregator,candidate,NEEDS_ANALYSIS,UNKNOWN,UNKNOWN,UNKNOWN,[],DISCOVERED,documented,False,HIGH,15,localized_public_endpoint_catalog,,,,,,existing_v4.14_registry
Talent_DE,https://www.talent.com/de/,Germany,Global,job_marketplace,job_aggregator,candidate,NEEDS_ANALYSIS,UNKNOWN,UNKNOWN,UNKNOWN,[],DISCOVERED,documented,False,HIGH,15,localized_public_endpoint_catalog,,,,,,existing_v4.14_registry
Talent_FR,https://www.talent.com/fr/,France,Global,job_marketplace,job_aggregator,candidate,NEEDS_ANALYSIS,UNKNOWN,UNKNOWN,UNKNOWN,[],DISCOVERED,documented,False,HIGH,15,localized_public_endpoint_catalog,,,,,,existing_v4.14_registry
Talent_IT,https://www.talent.com/it/,Italy,Global,job_marketplace,job_aggregator,candidate,NEEDS_ANALYSIS,UNKNOWN,UNKNOWN,UNKNOWN,[],DISCOVERED,documented,False,HIGH,15,localized_public_endpoint_catalog,,,,,,existing_v4.14_registry
Talent_ES,https://www.talent.com/es/,Spain,Global,job_marketplace,job_aggregator,candidate,NEEDS_ANALYSIS,UNKNOWN,UNKNOWN,UNKNOWN,[],DISCOVERED,documented,False,HIGH,15,localized_public_endpoint_catalog,,,,,,existing_v4.14_registry
Talent_NL,https://www.talent.com/nl/,Netherlands,Global,job_marketplace,job_aggregator,candidate,NEEDS_ANALYSIS,UNKNOWN,UNKNOWN,UNKNOWN,[],DISCOVERED,documented,False,HIGH,15,localized_public_endpoint_catalog,,,,,,existing_v4.14_registry
Talent_BE,https://www.talent.com/be/,Belgium,Global,job_marketplace,job_aggregator,candidate,NEEDS_ANALYSIS,UNKNOWN,UNKNOWN,UNKNOWN,[],DISCOVERED,documented,False,HIGH,15,localized_public_endpoint_catalog,,,,,,existing_v4.14_registry
Talent_AT,https://www.talent.com/at/,Austria,Global,job_marketplace,job_aggregator,candidate,NEEDS_ANALYSIS,UNKNOWN,UNKNOWN,UNKNOWN,[],DISCOVERED,documented,False,HIGH,15,localized_public_endpoint_catalog,,,,,,existing_v4.14_registry
Talent_CH,https://www.talent.com/ch/,Switzerland,Global,job_marketplace,job_aggregator,candidate,NEEDS_ANALYSIS,UNKNOWN,UNKNOWN,UNKNOWN,[],DISCOVERED,documented,False,HIGH,15,localized_public_endpoint_catalog,,,,,,existing_v4.14_registry
Talent_SE,https://www.talent.com/se/,Sweden,Global,job_marketplace,job_aggregator,candidate,NEEDS_ANALYSIS,UNKNOWN,UNKNOWN,UNKNOWN,[],DISCOVERED,documented,False,HIGH,15,localized_public_endpoint_catalog,,,,,,existing_v4.14_registry
Talent_NO,https://www.talent.com/no/,Norway,Global,job_marketplace,job_aggregator,candidate,NEEDS_ANALYSIS,UNKNOWN,UNKNOWN,UNKNOWN,[],DISCOVERED,documented,False,HIGH,15,localized_public_endpoint_catalog,,,,,,existing_v4.14_registry
Talent_DK,https://www.talent.com/dk/,Denmark,Global,job_marketplace,job_aggregator,candidate,NEEDS_ANALYSIS,UNKNOWN,UNKNOWN,UNKNOWN,[],DISCOVERED,documented,False,HIGH,15,localized_public_endpoint_catalog,,,,,,existing_v4.14_registry
Talent_FI,https://www.talent.com/fi/,Finland,Global,job_marketplace,job_aggregator,candidate,NEEDS_ANALYSIS,UNKNOWN,UNKNOWN,UNKNOWN,[],DISCOVERED,documented,False,HIGH,15,localized_public_endpoint_catalog,,,,,,existing_v4.14_registry
Talent_IE,https://www.talent.com/ie/,Ireland,Global,job_marketplace,job_aggregator,candidate,NEEDS_ANALYSIS,UNKNOWN,UNKNOWN,UNKNOWN,[],DISCOVERED,documented,False,HIGH,15,localized_public_endpoint_catalog,,,,,,existing_v4.14_registry
Talent_PT,https://www.talent.com/pt/,Portugal,Global,job_marketplace,job_aggregator,candidate,NEEDS_ANALYSIS,UNKNOWN,UNKNOWN,UNKNOWN,[],DISCOVERED,documented,False,HIGH,15,localized_public_endpoint_catalog,,,,,,existing_v4.14_registry
Talent_PL,https://www.talent.com/pl/,Poland,Global,job_marketplace,job_aggregator,candidate,NEEDS_ANALYSIS,UNKNOWN,UNKNOWN,UNKNOWN,[],DISCOVERED,documented,False,HIGH,15,localized_public_endpoint_catalog,,,,,,existing_v4.14_registry
Talent_CZ,https://www.talent.com/cz/,Czech Republic,Global,job_marketplace,job_aggregator,candidate,NEEDS_ANALYSIS,UNKNOWN,UNKNOWN,UNKNOWN,[],DISCOVERED,documented,False,HIGH,15,localized_public_endpoint_catalog,,,,,,existing_v4.14_registry
Talent_HU,https://www.talent.com/hu/,Hungary,Global,job_marketplace,job_aggregator,candidate,NEEDS_ANALYSIS,UNKNOWN,UNKNOWN,UNKNOWN,[],DISCOVERED,documented,False,HIGH,15,localized_public_endpoint_catalog,,,,,,existing_v4.14_registry
Talent_RO,https://www.talent.com/ro/,Romania,Global,job_marketplace,job_aggregator,candidate,NEEDS_ANALYSIS,UNKNOWN,UNKNOWN,UNKNOWN,[],DISCOVERED,documented,False,HIGH,15,localized_public_endpoint_catalog,,,,,,existing_v4.14_registry
Talent_GR,https://www.talent.com/gr/,Greece,Global,job_marketplace,job_aggregator,candidate,NEEDS_ANALYSIS,UNKNOWN,UNKNOWN,UNKNOWN,[],DISCOVERED,documented,False,HIGH,15,localized_public_endpoint_catalog,,,,,,existing_v4.14_registry
Talent_TR,https://www.talent.com/tr/,Türkiye,Global,job_marketplace,job_aggregator,candidate,NEEDS_ANALYSIS,UNKNOWN,UNKNOWN,UNKNOWN,[],DISCOVERED,documented,False,HIGH,15,localized_public_endpoint_catalog,,,,,,existing_v4.14_registry
Talent_AE,https://www.talent.com/ae/,United Arab Emirates,Global,job_marketplace,job_aggregator,candidate,NEEDS_ANALYSIS,UNKNOWN,UNKNOWN,UNKNOWN,[],DISCOVERED,documented,False,HIGH,15,localized_public_endpoint_catalog,,,,,,existing_v4.14_registry
Talent_SA,https://www.talent.com/sa/,Saudi Arabia,Global,job_marketplace,job_aggregator,candidate,NEEDS_ANALYSIS,UNKNOWN,UNKNOWN,UNKNOWN,[],DISCOVERED,documented,False,HIGH,15,localized_public_endpoint_catalog,,,,,,existing_v4.14_registry
Talent_QA,https://www.talent.com/qa/,Qatar,Global,job_marketplace,job_aggregator,candidate,NEEDS_ANALYSIS,UNKNOWN,UNKNOWN,UNKNOWN,[],DISCOVERED,documented,False,HIGH,15,localized_public_endpoint_catalog,,,,,,existing_v4.14_registry
Talent_KW,https://www.talent.com/kw/,Kuwait,Global,job_marketplace,job_aggregator,candidate,NEEDS_ANALYSIS,UNKNOWN,UNKNOWN,UNKNOWN,[],DISCOVERED,documented,False,HIGH,15,localized_public_endpoint_catalog,,,,,,existing_v4.14_registry
Talent_BH,https://www.talent.com/bh/,Bahrain,Global,job_marketplace,job_aggregator,candidate,NEEDS_ANALYSIS,UNKNOWN,UNKNOWN,UNKNOWN,[],DISCOVERED,documented,False,HIGH,15,localized_public_endpoint_catalog,,,,,,existing_v4.14_registry
Talent_OM,https://www.talent.com/om/,Oman,Global,job_marketplace,job_aggregator,candidate,NEEDS_ANALYSIS,UNKNOWN,UNKNOWN,UNKNOWN,[],DISCOVERED,documented,False,HIGH,15,localized_public_endpoint_catalog,,,,,,existing_v4.14_registry
Talent_JO,https://www.talent.com/jo/,Jordan,Global,job_marketplace,job_aggregator,candidate,NEEDS_ANALYSIS,UNKNOWN,UNKNOWN,UNKNOWN,[],DISCOVERED,documented,False,HIGH,15,localized_public_endpoint_catalog,,,,,,existing_v4.14_registry
Talent_EG,https://www.talent.com/eg/,Egypt,Global,job_marketplace,job_aggregator,candidate,NEEDS_ANALYSIS,UNKNOWN,UNKNOWN,UNKNOWN,[],DISCOVERED,documented,False,HIGH,15,localized_public_endpoint_catalog,,,,,,existing_v4.14_registry
Talent_MA,https://www.talent.com/ma/,Morocco,Global,job_marketplace,job_aggregator,candidate,NEEDS_ANALYSIS,UNKNOWN,UNKNOWN,UNKNOWN,[],DISCOVERED,documented,False,HIGH,15,localized_public_endpoint_catalog,,,,,,existing_v4.14_registry
Talent_TN,https://www.talent.com/tn/,Tunisia,Global,job_marketplace,job_aggregator,candidate,NEEDS_ANALYSIS,UNKNOWN,UNKNOWN,UNKNOWN,[],DISCOVERED,documented,False,HIGH,15,localized_public_endpoint_catalog,,,,,,existing_v4.14_registry
Talent_ZA,https://www.talent.com/za/,South Africa,Global,job_marketplace,job_aggregator,candidate,NEEDS_ANALYSIS,UNKNOWN,UNKNOWN,UNKNOWN,[],DISCOVERED,documented,False,HIGH,15,localized_public_endpoint_catalog,,,,,,existing_v4.14_registry
Talent_NG,https://www.talent.com/ng/,Nigeria,Global,job_marketplace,job_aggregator,candidate,NEEDS_ANALYSIS,UNKNOWN,UNKNOWN,UNKNOWN,[],DISCOVERED,documented,False,HIGH,15,localized_public_endpoint_catalog,,,,,,existing_v4.14_registry
Talent_KE,https://www.talent.com/ke/,Kenya,Global,job_marketplace,job_aggregator,candidate,NEEDS_ANALYSIS,UNKNOWN,UNKNOWN,UNKNOWN,[],DISCOVERED,documented,False,HIGH,15,localized_public_endpoint_catalog,,,,,,existing_v4.14_registry
Talent_IN,https://www.talent.com/in/,India,Global,job_marketplace,job_aggregator,candidate,NEEDS_ANALYSIS,UNKNOWN,UNKNOWN,UNKNOWN,[],DISCOVERED,documented,False,HIGH,15,localized_public_endpoint_catalog,,,,,,existing_v4.14_registry
Talent_PK,https://www.talent.com/pk/,Pakistan,Global,job_marketplace,job_aggregator,candidate,NEEDS_ANALYSIS,UNKNOWN,UNKNOWN,UNKNOWN,[],DISCOVERED,documented,False,HIGH,15,localized_public_endpoint_catalog,,,,,,existing_v4.14_registry
Talent_BD,https://www.talent.com/bd/,Bangladesh,Global,job_marketplace,job_aggregator,candidate,NEEDS_ANALYSIS,UNKNOWN,UNKNOWN,UNKNOWN,[],DISCOVERED,documented,False,HIGH,15,localized_public_endpoint_catalog,,,,,,existing_v4.14_registry
Talent_LK,https://www.talent.com/lk/,Sri Lanka,Global,job_marketplace,job_aggregator,candidate,NEEDS_ANALYSIS,UNKNOWN,UNKNOWN,UNKNOWN,[],DISCOVERED,documented,False,HIGH,15,localized_public_endpoint_catalog,,,,,,existing_v4.14_registry
Talent_JP,https://www.talent.com/jp/,Japan,Global,job_marketplace,job_aggregator,candidate,NEEDS_ANALYSIS,UNKNOWN,UNKNOWN,UNKNOWN,[],DISCOVERED,documented,False,HIGH,15,localized_public_endpoint_catalog,,,,,,existing_v4.14_registry
Talent_KR,https://www.talent.com/kr/,South Korea,Global,job_marketplace,job_aggregator,candidate,NEEDS_ANALYSIS,UNKNOWN,UNKNOWN,UNKNOWN,[],DISCOVERED,documented,False,HIGH,15,localized_public_endpoint_catalog,,,,,,existing_v4.14_registry
Talent_SG,https://www.talent.com/sg/,Singapore,Global,job_marketplace,job_aggregator,candidate,NEEDS_ANALYSIS,UNKNOWN,UNKNOWN,UNKNOWN,[],DISCOVERED,documented,False,HIGH,15,localized_public_endpoint_catalog,,,,,,existing_v4.14_registry
Talent_MY,https://www.talent.com/my/,Malaysia,Global,job_marketplace,job_aggregator,candidate,NEEDS_ANALYSIS,UNKNOWN,UNKNOWN,UNKNOWN,[],DISCOVERED,documented,False,HIGH,15,localized_public_endpoint_catalog,,,,,,existing_v4.14_registry
Talent_ID,https://www.talent.com/id/,Indonesia,Global,job_marketplace,job_aggregator,candidate,NEEDS_ANALYSIS,UNKNOWN,UNKNOWN,UNKNOWN,[],DISCOVERED,documented,False,HIGH,15,localized_public_endpoint_catalog,,,,,,existing_v4.14_registry
Talent_PH,https://www.talent.com/ph/,Philippines,Global,job_marketplace,job_aggregator,candidate,NEEDS_ANALYSIS,UNKNOWN,UNKNOWN,UNKNOWN,[],DISCOVERED,documented,False,HIGH,15,localized_public_endpoint_catalog,,,,,,existing_v4.14_registry
Talent_VN,https://www.talent.com/vn/,Vietnam,Global,job_marketplace,job_aggregator,candidate,NEEDS_ANALYSIS,UNKNOWN,UNKNOWN,UNKNOWN,[],DISCOVERED,documented,False,HIGH,15,localized_public_endpoint_catalog,,,,,,existing_v4.14_registry
Talent_TH,https://www.talent.com/th/,Thailand,Global,job_marketplace,job_aggregator,candidate,NEEDS_ANALYSIS,UNKNOWN,UNKNOWN,UNKNOWN,[],DISCOVERED,documented,False,HIGH,15,localized_public_endpoint_catalog,,,,,,existing_v4.14_registry
Talent_AU,https://www.talent.com/au/,Australia,Global,job_marketplace,job_aggregator,candidate,NEEDS_ANALYSIS,UNKNOWN,UNKNOWN,UNKNOWN,[],DISCOVERED,documented,False,HIGH,15,localized_public_endpoint_catalog,,,,,,existing_v4.14_registry
Talent_NZ,https://www.talent.com/nz/,New Zealand,Global,job_marketplace,job_aggregator,candidate,NEEDS_ANALYSIS,UNKNOWN,UNKNOWN,UNKNOWN,[],DISCOVERED,documented,False,HIGH,15,localized_public_endpoint_catalog,,,,,,existing_v4.14_registry
Talent_BR,https://www.talent.com/br/,Brazil,Global,job_marketplace,job_aggregator,candidate,NEEDS_ANALYSIS,UNKNOWN,UNKNOWN,UNKNOWN,[],DISCOVERED,documented,False,HIGH,15,localized_public_endpoint_catalog,,,,,,existing_v4.14_registry
Talent_MX,https://www.talent.com/mx/,Mexico,Global,job_marketplace,job_aggregator,candidate,NEEDS_ANALYSIS,UNKNOWN,UNKNOWN,UNKNOWN,[],DISCOVERED,documented,False,HIGH,15,localized_public_endpoint_catalog,,,,,,existing_v4.14_registry
Talent_AR,https://www.talent.com/ar/,Argentina,Global,job_marketplace,job_aggregator,candidate,NEEDS_ANALYSIS,UNKNOWN,UNKNOWN,UNKNOWN,[],DISCOVERED,documented,False,HIGH,15,localized_public_endpoint_catalog,,,,,,existing_v4.14_registry
Talent_CL,https://www.talent.com/cl/,Chile,Global,job_marketplace,job_aggregator,candidate,NEEDS_ANALYSIS,UNKNOWN,UNKNOWN,UNKNOWN,[],DISCOVERED,documented,False,HIGH,15,localized_public_endpoint_catalog,,,,,,existing_v4.14_registry
Talent_CO,https://www.talent.com/co/,Colombia,Global,job_marketplace,job_aggregator,candidate,NEEDS_ANALYSIS,UNKNOWN,UNKNOWN,UNKNOWN,[],DISCOVERED,documented,False,HIGH,15,localized_public_endpoint_catalog,,,,,,existing_v4.14_registry
Talent_PE,https://www.talent.com/pe/,Peru,Global,job_marketplace,job_aggregator,candidate,NEEDS_ANALYSIS,UNKNOWN,UNKNOWN,UNKNOWN,[],DISCOVERED,documented,False,HIGH,15,localized_public_endpoint_catalog,,,,,,existing_v4.14_registry
Talent_KZ,https://www.talent.com/kz/,Kazakhstan,Global,job_marketplace,job_aggregator,candidate,NEEDS_ANALYSIS,UNKNOWN,UNKNOWN,UNKNOWN,[],DISCOVERED,documented,False,HIGH,15,localized_public_endpoint_catalog,,,,,,existing_v4.14_registry
Talent_UZ,https://www.talent.com/uz/,Uzbekistan,Global,job_marketplace,job_aggregator,candidate,NEEDS_ANALYSIS,UNKNOWN,UNKNOWN,UNKNOWN,[],DISCOVERED,documented,False,HIGH,15,localized_public_endpoint_catalog,,,,,,existing_v4.14_registry
Talent_GE,https://www.talent.com/ge/,Georgia,Global,job_marketplace,job_aggregator,candidate,NEEDS_ANALYSIS,UNKNOWN,UNKNOWN,UNKNOWN,[],DISCOVERED,documented,False,HIGH,15,localized_public_endpoint_catalog,,,,,,existing_v4.14_registry
Talent_AZ,https://www.talent.com/az/,Azerbaijan,Global,job_marketplace,job_aggregator,candidate,NEEDS_ANALYSIS,UNKNOWN,UNKNOWN,UNKNOWN,[],DISCOVERED,documented,False,HIGH,15,localized_public_endpoint_catalog,,,,,,existing_v4.14_registry
Talent_UA,https://www.talent.com/ua/,Ukraine,Global,job_marketplace,job_aggregator,candidate,NEEDS_ANALYSIS,UNKNOWN,UNKNOWN,UNKNOWN,[],DISCOVERED,documented,False,HIGH,15,localized_public_endpoint_catalog,,,,,,existing_v4.14_registry
Talent_RS,https://www.talent.com/rs/,Serbia,Global,job_marketplace,job_aggregator,candidate,NEEDS_ANALYSIS,UNKNOWN,UNKNOWN,UNKNOWN,[],DISCOVERED,documented,False,HIGH,15,localized_public_endpoint_catalog,,,,,,existing_v4.14_registry
Talent_HR,https://www.talent.com/hr/,Croatia,Global,job_marketplace,job_aggregator,candidate,NEEDS_ANALYSIS,UNKNOWN,UNKNOWN,UNKNOWN,[],DISCOVERED,documented,False,HIGH,15,localized_public_endpoint_catalog,,,,,,existing_v4.14_registry
Talent_EE,https://www.talent.com/ee/,Estonia,Global,job_marketplace,job_aggregator,candidate,NEEDS_ANALYSIS,UNKNOWN,UNKNOWN,UNKNOWN,[],DISCOVERED,documented,False,HIGH,15,localized_public_endpoint_catalog,,,,,,existing_v4.14_registry
Talent_LT,https://www.talent.com/lt/,Lithuania,Global,job_marketplace,job_aggregator,candidate,NEEDS_ANALYSIS,UNKNOWN,UNKNOWN,UNKNOWN,[],DISCOVERED,documented,False,HIGH,15,localized_public_endpoint_catalog,,,,,,existing_v4.14_registry
Talent_LV,https://www.talent.com/lv/,Latvia,Global,job_marketplace,job_aggregator,candidate,NEEDS_ANALYSIS,UNKNOWN,UNKNOWN,UNKNOWN,[],DISCOVERED,documented,False,HIGH,15,localized_public_endpoint_catalog,,,,,,existing_v4.14_registry
AIJobs,https://www.moaijobs.com/,Global,Global,job_marketplace,job_marketplace,candidate,NEEDS_ANALYSIS,UNKNOWN,UNKNOWN,UNKNOWN,[],DISCOVERED,documented,False,HIGH,15,curated_public_job_board_catalog,,,,,,existing_v4.14_registry
AIMLJobs,https://aimljobs.fyi/,Global,Global,job_marketplace,job_marketplace,candidate,NEEDS_ANALYSIS,UNKNOWN,UNKNOWN,UNKNOWN,[],DISCOVERED,documented,False,HIGH,15,curated_public_job_board_catalog,,,,,,existing_v4.14_registry
AIJobsNet,https://ai-jobs.net/,Global,Global,job_marketplace,job_marketplace,candidate,NEEDS_ANALYSIS,UNKNOWN,UNKNOWN,UNKNOWN,[],DISCOVERED,documented,False,HIGH,15,curated_public_job_board_catalog,,,,,,existing_v4.14_registry
AiJobsTracker,https://www.aijobstracker.com/,Global,Global,job_marketplace,job_marketplace,candidate,NEEDS_ANALYSIS,UNKNOWN,UNKNOWN,UNKNOWN,[],DISCOVERED,documented,False,HIGH,15,curated_public_job_board_catalog,,,,,,existing_v4.14_registry
AI_Tech_Suite_Jobs,https://www.aitechsuite.com/jobs,Global,Global,job_marketplace,job_marketplace,candidate,NEEDS_ANALYSIS,UNKNOWN,UNKNOWN,UNKNOWN,[],DISCOVERED,documented,False,HIGH,15,curated_public_job_board_catalog,,,,,,existing_v4.14_registry
DataJobs,https://datajobs.com/,Global,Global,job_marketplace,job_marketplace,candidate,NEEDS_ANALYSIS,UNKNOWN,UNKNOWN,UNKNOWN,[],DISCOVERED,documented,False,HIGH,15,curated_public_job_board_catalog,,,,,,existing_v4.14_registry
ICrunchData,https://icrunchdata.com/,Global,Global,job_marketplace,job_marketplace,candidate,NEEDS_ANALYSIS,UNKNOWN,UNKNOWN,UNKNOWN,[],DISCOVERED,documented,False,HIGH,15,curated_public_job_board_catalog,,,,,,existing_v4.14_registry
KDnuggets_Jobs,https://www.kdnuggets.com/jobs/index.html,Global,Global,job_marketplace,job_marketplace,candidate,NEEDS_ANALYSIS,UNKNOWN,UNKNOWN,UNKNOWN,[],DISCOVERED,documented,False,HIGH,15,curated_public_job_board_catalog,,,,,,existing_v4.14_registry
DataYoshi,https://www.datayoshi.com/,Global,Global,job_marketplace,job_marketplace,candidate,NEEDS_ANALYSIS,UNKNOWN,UNKNOWN,UNKNOWN,[],DISCOVERED,documented,False,HIGH,15,curated_public_job_board_catalog,,,,,,existing_v4.14_registry
OpenDataScience_Jobs,https://jobs.opendatascience.com/,Global,Global,job_marketplace,job_marketplace,candidate,NEEDS_ANALYSIS,UNKNOWN,UNKNOWN,UNKNOWN,[],DISCOVERED,documented,False,HIGH,15,curated_public_job_board_catalog,,,,,,existing_v4.14_registry
AnalyticsVidhya_Jobs,https://jobsnew.analyticsvidhya.com/jobs/all,Global,Global,job_marketplace,job_marketplace,candidate,NEEDS_ANALYSIS,UNKNOWN,UNKNOWN,UNKNOWN,[],DISCOVERED,documented,False,HIGH,15,curated_public_job_board_catalog,,,,,,existing_v4.14_registry
StatsJobs,https://www.statsjobs.com/,Global,Global,job_marketplace,job_marketplace,candidate,NEEDS_ANALYSIS,UNKNOWN,UNKNOWN,UNKNOWN,[],DISCOVERED,documented,False,HIGH,15,curated_public_job_board_catalog,,,,,,existing_v4.14_registry
BigCloud,https://bigcloud.global/find-a-job/,Global,Global,job_marketplace,job_marketplace,candidate,NEEDS_ANALYSIS,UNKNOWN,UNKNOWN,UNKNOWN,[],DISCOVERED,documented,False,HIGH,15,curated_public_job_board_catalog,,,,,,existing_v4.14_registry
DataEngineerJobs,https://dataengineerjobs.com/,Global,Global,job_marketplace,job_marketplace,candidate,NEEDS_ANALYSIS,UNKNOWN,UNKNOWN,UNKNOWN,[],DISCOVERED,documented,False,HIGH,15,curated_public_job_board_catalog,,,,,,existing_v4.14_registry
DataEngJobs,https://dataengjobs.com/,Global,Global,job_marketplace,job_marketplace,candidate,NEEDS_ANALYSIS,UNKNOWN,UNKNOWN,UNKNOWN,[],DISCOVERED,documented,False,HIGH,15,curated_public_job_board_catalog,,,,,,existing_v4.14_registry
DataScienceJobs,https://datasciencejobs.com/,Global,Global,job_marketplace,job_marketplace,candidate,NEEDS_ANALYSIS,UNKNOWN,UNKNOWN,UNKNOWN,[],DISCOVERED,documented,False,HIGH,15,curated_public_job_board_catalog,,,,,,existing_v4.14_registry
Dataaxy,https://dataaxy.com/,Global,Global,job_marketplace,job_marketplace,candidate,NEEDS_ANALYSIS,UNKNOWN,UNKNOWN,UNKNOWN,[],DISCOVERED,documented,False,HIGH,15,curated_public_job_board_catalog,,,,,,existing_v4.14_registry
Webscale_Jobs,https://www.webscale.work/,Global,Global,job_marketplace,job_marketplace,candidate,NEEDS_ANALYSIS,UNKNOWN,UNKNOWN,UNKNOWN,[],DISCOVERED,documented,False,HIGH,15,curated_public_job_board_catalog,,,,,,existing_v4.14_registry
Bubble_Jobs,https://www.bubble-jobs.co.uk/,Global,Global,job_marketplace,job_marketplace,candidate,NEEDS_ANALYSIS,UNKNOWN,UNKNOWN,UNKNOWN,[],DISCOVERED,documented,False,HIGH,15,curated_public_job_board_catalog,,,,,,existing_v4.14_registry
CryptoJobsList,https://cryptojobslist.com/,Global,Global,job_marketplace,job_marketplace,candidate,NEEDS_ANALYSIS,UNKNOWN,UNKNOWN,UNKNOWN,[],DISCOVERED,documented,False,HIGH,15,curated_public_job_board_catalog,,,,,,existing_v4.14_registry
CryptoJobs,https://crypto.jobs/,Global,Global,job_marketplace,job_marketplace,candidate,NEEDS_ANALYSIS,UNKNOWN,UNKNOWN,UNKNOWN,[],DISCOVERED,documented,False,HIGH,15,curated_public_job_board_catalog,,,,,,existing_v4.14_registry
Blockew,https://blockew.com/,Global,Global,job_marketplace,job_marketplace,candidate,NEEDS_ANALYSIS,UNKNOWN,UNKNOWN,UNKNOWN,[],DISCOVERED,documented,False,HIGH,15,curated_public_job_board_catalog,,,,,,existing_v4.14_registry
CryptocurrencyJobs,https://cryptocurrencyjobs.co/,Global,Global,job_marketplace,job_marketplace,candidate,NEEDS_ANALYSIS,UNKNOWN,UNKNOWN,UNKNOWN,[],DISCOVERED,documented,False,HIGH,15,curated_public_job_board_catalog,,,,,,existing_v4.14_registry
JobsInBlockchain,https://jobsinblockchain.com/,Global,Global,job_marketplace,job_marketplace,candidate,NEEDS_ANALYSIS,UNKNOWN,UNKNOWN,UNKNOWN,[],DISCOVERED,documented,False,HIGH,15,curated_public_job_board_catalog,,,,,,existing_v4.14_registry
Web3Jobs,https://web3.career/,Global,Global,job_marketplace,job_marketplace,candidate,NEEDS_ANALYSIS,UNKNOWN,UNKNOWN,UNKNOWN,[],DISCOVERED,documented,False,HIGH,15,curated_public_job_board_catalog,,,,,,existing_v4.14_registry
BeInCrypto_Jobs,https://beincrypto.com/jobs/,Global,Global,job_marketplace,job_marketplace,candidate,NEEDS_ANALYSIS,UNKNOWN,UNKNOWN,UNKNOWN,[],DISCOVERED,documented,False,HIGH,15,curated_public_job_board_catalog,,,,,,existing_v4.14_registry
MyWeb3Jobs,https://myweb3jobs.com/,Global,Global,job_marketplace,job_marketplace,candidate,NEEDS_ANALYSIS,UNKNOWN,UNKNOWN,UNKNOWN,[],DISCOVERED,documented,False,HIGH,15,curated_public_job_board_catalog,,,,,,existing_v4.14_registry
NinjaJobs,https://ninjajobs.org/,Global,Global,job_marketplace,job_marketplace,candidate,NEEDS_ANALYSIS,UNKNOWN,UNKNOWN,UNKNOWN,[],DISCOVERED,documented,False,HIGH,15,curated_public_job_board_catalog,,,,,,existing_v4.14_registry
InfoSecJobs,https://infosec-jobs.com/,Global,Global,job_marketplace,job_marketplace,candidate,NEEDS_ANALYSIS,UNKNOWN,UNKNOWN,UNKNOWN,[],DISCOVERED,documented,False,HIGH,15,curated_public_job_board_catalog,,,,,,existing_v4.14_registry
CyberSecurityJobsite,https://www.cybersecurityjobsite.com/jobs/,Global,Global,job_marketplace,job_marketplace,candidate,NEEDS_ANALYSIS,UNKNOWN,UNKNOWN,UNKNOWN,[],DISCOVERED,documented,False,HIGH,15,curated_public_job_board_catalog,,,,,,existing_v4.14_registry
CareersinCyber,https://www.careersincyber.com/browse-jobs/,Global,Global,job_marketplace,job_marketplace,candidate,NEEDS_ANALYSIS,UNKNOWN,UNKNOWN,UNKNOWN,[],DISCOVERED,documented,False,HIGH,15,curated_public_job_board_catalog,,,,,,existing_v4.14_registry
CareersInfoSecurity,https://www.careersinfosecurity.com/jobs/,Global,Global,job_marketplace,job_marketplace,candidate,NEEDS_ANALYSIS,UNKNOWN,UNKNOWN,UNKNOWN,[],DISCOVERED,documented,False,HIGH,15,curated_public_job_board_catalog,,,,,,existing_v4.14_registry
CyberSecurityJobs,https://www.cybersecurityjobs.net/,Global,Global,job_marketplace,job_marketplace,candidate,NEEDS_ANALYSIS,UNKNOWN,UNKNOWN,UNKNOWN,[],DISCOVERED,documented,False,HIGH,15,curated_public_job_board_catalog,,,,,,existing_v4.14_registry
CyberStryde,https://cyber-stryde.com/,Global,Global,job_marketplace,job_marketplace,candidate,NEEDS_ANALYSIS,UNKNOWN,UNKNOWN,UNKNOWN,[],DISCOVERED,documented,False,HIGH,15,curated_public_job_board_catalog,,,,,,existing_v4.14_registry
ClojureJobboard,https://clojurejobboard.com/,Global,Global,job_marketplace,job_marketplace,candidate,NEEDS_ANALYSIS,UNKNOWN,UNKNOWN,UNKNOWN,[],DISCOVERED,documented,False,HIGH,15,curated_public_job_board_catalog,,,,,,existing_v4.14_registry
iOSDevJobs,https://iosdevjobs.com/,Global,Global,job_marketplace,job_marketplace,candidate,NEEDS_ANALYSIS,UNKNOWN,UNKNOWN,UNKNOWN,[],DISCOVERED,documented,False,HIGH,15,curated_public_job_board_catalog,,,,,,existing_v4.14_registry
ElixirRadar,https://elixir-radar.com/jobs,Global,Global,job_marketplace,job_marketplace,candidate,NEEDS_ANALYSIS,UNKNOWN,UNKNOWN,UNKNOWN,[],DISCOVERED,documented,False,HIGH,15,curated_public_job_board_catalog,,,,,,existing_v4.14_registry
ElixirJobs,https://elixirjobs.net/,Global,Global,job_marketplace,job_marketplace,candidate,NEEDS_ANALYSIS,UNKNOWN,UNKNOWN,UNKNOWN,[],DISCOVERED,documented,False,HIGH,15,curated_public_job_board_catalog,,,,,,existing_v4.14_registry
FullStackJob,https://fullstackjob.com/,Global,Global,job_marketplace,job_marketplace,candidate,NEEDS_ANALYSIS,UNKNOWN,UNKNOWN,UNKNOWN,[],DISCOVERED,documented,False,HIGH,15,curated_public_job_board_catalog,,,,,,existing_v4.14_registry
FunctionalJobs,https://functionaljobs.com/,Global,Global,job_marketplace,job_marketplace,candidate,NEEDS_ANALYSIS,UNKNOWN,UNKNOWN,UNKNOWN,[],DISCOVERED,documented,False,HIGH,15,curated_public_job_board_catalog,,,,,,existing_v4.14_registry
GolangProjects,https://www.golangprojects.com/,Global,Global,job_marketplace,job_marketplace,candidate,NEEDS_ANALYSIS,UNKNOWN,UNKNOWN,UNKNOWN,[],DISCOVERED,documented,False,HIGH,15,curated_public_job_board_catalog,,,,,,existing_v4.14_registry
WeLoveGolang,https://www.welovegolang.com/,Global,Global,job_marketplace,job_marketplace,candidate,NEEDS_ANALYSIS,UNKNOWN,UNKNOWN,UNKNOWN,[],DISCOVERED,documented,False,HIGH,15,curated_public_job_board_catalog,,,,,,existing_v4.14_registry
GolangCafe,https://golang.cafe/,Global,Global,job_marketplace,job_marketplace,candidate,NEEDS_ANALYSIS,UNKNOWN,UNKNOWN,UNKNOWN,[],DISCOVERED,documented,False,HIGH,15,curated_public_job_board_catalog,,,,,,existing_v4.14_registry
AngularJobs,https://angularjobs.com/,Global,Global,job_marketplace,job_marketplace,candidate,NEEDS_ANALYSIS,UNKNOWN,UNKNOWN,UNKNOWN,[],DISCOVERED,documented,False,HIGH,15,curated_public_job_board_catalog,,,,,,existing_v4.14_registry
VueJobs,https://vuejobs.com/,Global,Global,job_marketplace,job_marketplace,candidate,NEEDS_ANALYSIS,UNKNOWN,UNKNOWN,UNKNOWN,[],DISCOVERED,documented,False,HIGH,15,curated_public_job_board_catalog,,,,,,existing_v4.14_registry
ReactJobs,https://www.react-jobs.com/,Global,Global,job_marketplace,job_marketplace,candidate,NEEDS_ANALYSIS,UNKNOWN,UNKNOWN,UNKNOWN,[],DISCOVERED,documented,False,HIGH,15,curated_public_job_board_catalog,,,,,,existing_v4.14_registry
ReactJobBoard,https://www.reactjobboard.com/,Global,Global,job_marketplace,job_marketplace,candidate,NEEDS_ANALYSIS,UNKNOWN,UNKNOWN,UNKNOWN,[],DISCOVERED,documented,False,HIGH,15,curated_public_job_board_catalog,,,,,,existing_v4.14_registry
RustJobs,https://rustjob.xyz/,Global,Global,job_marketplace,job_marketplace,candidate,NEEDS_ANALYSIS,UNKNOWN,UNKNOWN,UNKNOWN,[],DISCOVERED,documented,False,HIGH,15,curated_public_job_board_catalog,,,,,,existing_v4.14_registry
DrupalJobs,https://jobs.drupal.org/,Global,Global,job_marketplace,job_marketplace,candidate,NEEDS_ANALYSIS,UNKNOWN,UNKNOWN,UNKNOWN,[],DISCOVERED,documented,False,HIGH,15,curated_public_job_board_catalog,,,,,,existing_v4.14_registry
WordPressJobs,https://jobs.wordpress.net/,Global,Global,job_marketplace,job_marketplace,candidate,NEEDS_ANALYSIS,UNKNOWN,UNKNOWN,UNKNOWN,[],DISCOVERED,documented,False,HIGH,15,curated_public_job_board_catalog,,,,,,existing_v4.14_registry
LaraJobs,https://larajobs.com/,Global,Global,job_marketplace,job_marketplace,candidate,NEEDS_ANALYSIS,UNKNOWN,UNKNOWN,UNKNOWN,[],DISCOVERED,documented,False,HIGH,15,curated_public_job_board_catalog,,,,,,existing_v4.14_registry
PythonJobs,https://pythonjob.xyz/,Global,Global,job_marketplace,job_marketplace,candidate,NEEDS_ANALYSIS,UNKNOWN,UNKNOWN,UNKNOWN,[],DISCOVERED,documented,False,HIGH,15,curated_public_job_board_catalog,,,,,,existing_v4.14_registry
DjangoJobs,https://djangojobs.net/jobs/,Global,Global,job_marketplace,job_marketplace,candidate,NEEDS_ANALYSIS,UNKNOWN,UNKNOWN,UNKNOWN,[],DISCOVERED,documented,False,HIGH,15,curated_public_job_board_catalog,,,,,,existing_v4.14_registry
RubyNow,https://jobs.rubynow.com/,Global,Global,job_marketplace,job_marketplace,candidate,NEEDS_ANALYSIS,UNKNOWN,UNKNOWN,UNKNOWN,[],DISCOVERED,documented,False,HIGH,15,curated_public_job_board_catalog,,,,,,existing_v4.14_registry
QAJobs,https://www.qajobs.co/,Global,Global,job_marketplace,job_marketplace,candidate,NEEDS_ANALYSIS,UNKNOWN,UNKNOWN,UNKNOWN,[],DISCOVERED,documented,False,HIGH,15,curated_public_job_board_catalog,,,,,,existing_v4.14_registry
AndroidDevCareers,https://androiddev.careers/,Global,Global,job_marketplace,job_marketplace,candidate,NEEDS_ANALYSIS,UNKNOWN,UNKNOWN,UNKNOWN,[],DISCOVERED,documented,False,HIGH,15,curated_public_job_board_catalog,,,,,,existing_v4.14_registry
DevJobsPRO,https://devjobspro.com/,Global,Global,job_marketplace,job_marketplace,candidate,NEEDS_ANALYSIS,UNKNOWN,UNKNOWN,UNKNOWN,[],DISCOVERED,documented,False,HIGH,15,curated_public_job_board_catalog,,,,,,existing_v4.14_registry
ICTJobDE,https://ictjob.de/,Global,Global,job_marketplace,job_marketplace,candidate,NEEDS_ANALYSIS,UNKNOWN,UNKNOWN,UNKNOWN,[],DISCOVERED,documented,False,HIGH,15,curated_public_job_board_catalog,,,,,,existing_v4.14_registry
HeiseJobs,https://jobs.heise.de/,Global,Global,job_marketplace,job_marketplace,candidate,NEEDS_ANALYSIS,UNKNOWN,UNKNOWN,UNKNOWN,[],DISCOVERED,documented,False,HIGH,15,curated_public_job_board_catalog,,,,,,existing_v4.14_registry
Tecnoempleo,https://www.tecnoempleo.com/,Global,Global,job_marketplace,job_marketplace,candidate,NEEDS_ANALYSIS,UNKNOWN,UNKNOWN,UNKNOWN,[],DISCOVERED,documented,False,HIGH,15,curated_public_job_board_catalog,,,,,,existing_v4.14_registry
ComputerJobsIE,https://www.computerjobs.ie/,Global,Global,job_marketplace,job_marketplace,candidate,NEEDS_ANALYSIS,UNKNOWN,UNKNOWN,UNKNOWN,[],DISCOVERED,documented,False,HIGH,15,curated_public_job_board_catalog,,,,,,existing_v4.14_registry
RemotePython,https://www.remotepython.com/,Global,Global,job_marketplace,job_marketplace,candidate,NEEDS_ANALYSIS,UNKNOWN,UNKNOWN,UNKNOWN,[],DISCOVERED,documented,False,HIGH,15,curated_public_job_board_catalog,,,,,,existing_v4.14_registry
RemoteML,https://remoteml.com/,Global,Global,job_marketplace,job_marketplace,candidate,NEEDS_ANALYSIS,UNKNOWN,UNKNOWN,UNKNOWN,[],DISCOVERED,documented,False,HIGH,15,curated_public_job_board_catalog,,,,,,existing_v4.14_registry
JSRemotely,https://jsremotely.com/,Global,Global,job_marketplace,job_marketplace,candidate,NEEDS_ANALYSIS,UNKNOWN,UNKNOWN,UNKNOWN,[],DISCOVERED,documented,False,HIGH,15,curated_public_job_board_catalog,,,,,,existing_v4.14_registry
DailyRemote,https://dailyremote.com/,Global,Global,job_marketplace,job_marketplace,candidate,NEEDS_ANALYSIS,UNKNOWN,UNKNOWN,UNKNOWN,[],DISCOVERED,documented,False,HIGH,15,curated_public_job_board_catalog,,,,,,existing_v4.14_registry
RemoteDeveloperJobs,https://www.remote-developer-jobs.com/,Global,Global,job_marketplace,job_marketplace,candidate,NEEDS_ANALYSIS,UNKNOWN,UNKNOWN,UNKNOWN,[],DISCOVERED,documented,False,HIGH,15,curated_public_job_board_catalog,,,,,,existing_v4.14_registry
Remotees,https://remotees.com/,Global,Global,job_marketplace,job_marketplace,candidate,NEEDS_ANALYSIS,UNKNOWN,UNKNOWN,UNKNOWN,[],DISCOVERED,documented,False,HIGH,15,curated_public_job_board_catalog,,,,,,existing_v4.14_registry
Pangian,https://pangian.com/job-travel-remote/,Global,Global,job_marketplace,job_marketplace,candidate,NEEDS_ANALYSIS,UNKNOWN,UNKNOWN,UNKNOWN,[],DISCOVERED,documented,False,HIGH,15,curated_public_job_board_catalog,,,,,,existing_v4.14_registry
DynamiteJobs,https://www.dynamitejobs.com/,Global,Global,job_marketplace,job_marketplace,candidate,NEEDS_ANALYSIS,UNKNOWN,UNKNOWN,UNKNOWN,[],DISCOVERED,documented,False,HIGH,15,curated_public_job_board_catalog,,,,,,existing_v4.14_registry
HireRemote,https://hireremote.io/,Global,Global,job_marketplace,job_marketplace,candidate,NEEDS_ANALYSIS,UNKNOWN,UNKNOWN,UNKNOWN,[],DISCOVERED,documented,False,HIGH,15,curated_public_job_board_catalog,,,,,,existing_v4.14_registry
RemoteRocketship,https://www.remoterocketship.com/,Global,Global,job_marketplace,job_marketplace,candidate,NEEDS_ANALYSIS,UNKNOWN,UNKNOWN,UNKNOWN,[],DISCOVERED,documented,False,HIGH,15,curated_public_job_board_catalog,,,,,,existing_v4.14_registry
FlowRemote,https://www.flowremote.io/,Global,Global,job_marketplace,job_marketplace,candidate,NEEDS_ANALYSIS,UNKNOWN,UNKNOWN,UNKNOWN,[],DISCOVERED,documented,False,HIGH,15,curated_public_job_board_catalog,,,,,,existing_v4.14_registry
JobRack,https://jobrack.eu/,Global,Global,job_marketplace,job_marketplace,candidate,NEEDS_ANALYSIS,UNKNOWN,UNKNOWN,UNKNOWN,[],DISCOVERED,documented,False,HIGH,15,curated_public_job_board_catalog,,,,,,existing_v4.14_registry
Crossover,https://www.crossover.com/jobs,Global,Global,job_marketplace,job_marketplace,candidate,NEEDS_ANALYSIS,UNKNOWN,UNKNOWN,UNKNOWN,[],DISCOVERED,documented,False,HIGH,15,curated_public_job_board_catalog,,,,,,existing_v4.14_registry
FlexaCareers,https://flexa.careers/,Global,Global,job_marketplace,job_marketplace,candidate,NEEDS_ANALYSIS,UNKNOWN,UNKNOWN,UNKNOWN,[],DISCOVERED,documented,False,HIGH,15,curated_public_job_board_catalog,,,,,,existing_v4.14_registry
HubstaffTalent,https://talent.hubstaff.com/,Global,Global,job_marketplace,job_marketplace,candidate,NEEDS_ANALYSIS,UNKNOWN,UNKNOWN,UNKNOWN,[],DISCOVERED,documented,False,HIGH,15,curated_public_job_board_catalog,,,,,,existing_v4.14_registry
YunoJuno,https://www.yunojuno.com/,Global,Global,job_marketplace,job_marketplace,candidate,NEEDS_ANALYSIS,UNKNOWN,UNKNOWN,UNKNOWN,[],DISCOVERED,documented,False,HIGH,15,curated_public_job_board_catalog,,,,,,existing_v4.14_registry
Freelancermap,https://www.freelancermap.com/,Global,Global,job_marketplace,job_marketplace,candidate,NEEDS_ANALYSIS,UNKNOWN,UNKNOWN,UNKNOWN,[],DISCOVERED,documented,False,HIGH,15,curated_public_job_board_catalog,,,,,,existing_v4.14_registry
HireBasis,https://www.hirebasis.com/,Global,Global,job_marketplace,job_marketplace,candidate,NEEDS_ANALYSIS,UNKNOWN,UNKNOWN,UNKNOWN,[],DISCOVERED,documented,False,HIGH,15,curated_public_job_board_catalog,,,,,,existing_v4.14_registry
Jobbatical,https://jobbatical.com/jobs,Global,Global,job_marketplace,job_marketplace,candidate,NEEDS_ANALYSIS,UNKNOWN,UNKNOWN,UNKNOWN,[],DISCOVERED,documented,False,HIGH,15,curated_public_job_board_catalog,,,,,,existing_v4.14_registry
PowerToFly,https://powertofly.com/jobs/,Global,Global,job_marketplace,job_marketplace,candidate,NEEDS_ANALYSIS,UNKNOWN,UNKNOWN,UNKNOWN,[],DISCOVERED,documented,False,HIGH,15,curated_public_job_board_catalog,,,,,,existing_v4.14_registry
HackerNewsJobs,https://news.ycombinator.com/jobs,Global,Global,job_marketplace,job_marketplace,candidate,NEEDS_ANALYSIS,UNKNOWN,UNKNOWN,UNKNOWN,[],DISCOVERED,documented,False,HIGH,15,curated_public_job_board_catalog,,,,,,existing_v4.14_registry
AmazonJobs,https://www.amazon.jobs/en,Global,Global,job_marketplace,job_marketplace,candidate,NEEDS_ANALYSIS,UNKNOWN,UNKNOWN,UNKNOWN,[],DISCOVERED,documented,False,HIGH,15,curated_public_job_board_catalog,,,,,,existing_v4.14_registry
ProductHuntJobs,https://www.producthunt.com/jobs/,Global,Global,job_marketplace,job_marketplace,candidate,NEEDS_ANALYSIS,UNKNOWN,UNKNOWN,UNKNOWN,[],DISCOVERED,documented,False,HIGH,15,curated_public_job_board_catalog,,,,,,existing_v4.14_registry
FindworkDev,https://findwork.dev/,Global,Global,job_marketplace,job_marketplace,candidate,NEEDS_ANALYSIS,UNKNOWN,UNKNOWN,UNKNOWN,[],DISCOVERED,documented,False,HIGH,15,curated_public_job_board_catalog,,,,,,existing_v4.14_registry
TheMuse,https://www.themuse.com/jobs,Global,Global,job_marketplace,job_marketplace,candidate,NEEDS_ANALYSIS,UNKNOWN,UNKNOWN,UNKNOWN,[],DISCOVERED,documented,False,HIGH,15,curated_public_job_board_catalog,,,,,,existing_v4.14_registry
AuthenticJobs,https://authenticjobs.com/,Global,Global,job_marketplace,job_marketplace,candidate,NEEDS_ANALYSIS,UNKNOWN,UNKNOWN,UNKNOWN,[],DISCOVERED,documented,False,HIGH,15,curated_public_job_board_catalog,,,,,,existing_v4.14_registry
JoblistApp,https://joblist.app/,Global,Global,job_marketplace,job_marketplace,candidate,NEEDS_ANALYSIS,UNKNOWN,UNKNOWN,UNKNOWN,[],DISCOVERED,documented,False,HIGH,15,curated_public_job_board_catalog,,,,,,existing_v4.14_registry
Jobs2Careers,https://www.jobs2careers.com/,Global,Global,job_marketplace,job_marketplace,candidate,NEEDS_ANALYSIS,UNKNOWN,UNKNOWN,UNKNOWN,[],DISCOVERED,documented,False,HIGH,15,curated_public_job_board_catalog,,,,,,existing_v4.14_registry
JobisJob,https://www.jobisjob.com/,Global,Global,job_marketplace,job_marketplace,candidate,NEEDS_ANALYSIS,UNKNOWN,UNKNOWN,UNKNOWN,[],DISCOVERED,documented,False,HIGH,15,curated_public_job_board_catalog,,,,,,existing_v4.14_registry
Joblift,https://joblift.com/,Global,Global,job_marketplace,job_marketplace,candidate,NEEDS_ANALYSIS,UNKNOWN,UNKNOWN,UNKNOWN,[],DISCOVERED,documented,False,HIGH,15,curated_public_job_board_catalog,,,,,,existing_v4.14_registry
HackerRankJobs,https://www.hackerrank.com/jobs/search,Global,Global,job_marketplace,job_marketplace,candidate,NEEDS_ANALYSIS,UNKNOWN,UNKNOWN,UNKNOWN,[],DISCOVERED,documented,False,HIGH,15,curated_public_job_board_catalog,,,,,,existing_v4.14_registry
CodersRankJobs,https://codersrank.io/find-a-job/,Global,Global,job_marketplace,job_marketplace,candidate,NEEDS_ANALYSIS,UNKNOWN,UNKNOWN,UNKNOWN,[],DISCOVERED,documented,False,HIGH,15,curated_public_job_board_catalog,,,,,,existing_v4.14_registry
Jobgether,https://jobgether.com/,Global,Global,job_marketplace,job_marketplace,candidate,NEEDS_ANALYSIS,UNKNOWN,UNKNOWN,UNKNOWN,[],DISCOVERED,documented,False,HIGH,15,curated_public_job_board_catalog,,,,,,existing_v4.14_registry
HiringCafe,https://hiring.cafe/,Global,Global,job_marketplace,job_marketplace,candidate,NEEDS_ANALYSIS,UNKNOWN,UNKNOWN,UNKNOWN,[],DISCOVERED,documented,False,HIGH,15,curated_public_job_board_catalog,,,,,,existing_v4.14_registry
WorkableJobs,https://jobs.workable.com/,Global,Global,job_marketplace,job_marketplace,candidate,NEEDS_ANALYSIS,UNKNOWN,UNKNOWN,UNKNOWN,[],DISCOVERED,documented,False,HIGH,15,curated_public_job_board_catalog,,,,,,existing_v4.14_registry
StartupJobs,https://startup.jobs/,Global,Global,job_marketplace,job_marketplace,candidate,NEEDS_ANALYSIS,UNKNOWN,UNKNOWN,UNKNOWN,[],DISCOVERED,documented,False,HIGH,15,curated_public_job_board_catalog,,,,,,existing_v4.14_registry
WorkinStartups,https://workinstartups.com/,Global,Global,job_marketplace,job_marketplace,candidate,NEEDS_ANALYSIS,UNKNOWN,UNKNOWN,UNKNOWN,[],DISCOVERED,documented,False,HIGH,15,curated_public_job_board_catalog,,,,,,existing_v4.14_registry
EUStartups,https://eu-startups.com/,Global,Global,job_marketplace,job_marketplace,candidate,NEEDS_ANALYSIS,UNKNOWN,UNKNOWN,UNKNOWN,[],DISCOVERED,documented,False,HIGH,15,curated_public_job_board_catalog,,,,,,existing_v4.14_registry
YCombinatorJobs,https://ycombinator.com/jobs,Global,Global,job_marketplace,job_marketplace,candidate,NEEDS_ANALYSIS,UNKNOWN,UNKNOWN,UNKNOWN,[],DISCOVERED,documented,False,HIGH,15,curated_public_job_board_catalog,,,,,,existing_v4.14_registry
LinuxJobs,https://www.linuxjobs.io/,Global,Global,job_marketplace,job_marketplace,candidate,NEEDS_ANALYSIS,UNKNOWN,UNKNOWN,UNKNOWN,[],DISCOVERED,documented,False,HIGH,15,curated_public_job_board_catalog,,,,,,existing_v4.14_registry
Fossfox,https://fossfox.com/,Global,Global,job_marketplace,job_marketplace,candidate,NEEDS_ANALYSIS,UNKNOWN,UNKNOWN,UNKNOWN,[],DISCOVERED,documented,False,HIGH,15,curated_public_job_board_catalog,,,,,,existing_v4.14_registry
NoFluffJobs,https://nofluffjobs.com/,Global,Global,job_marketplace,job_marketplace,candidate,NEEDS_ANALYSIS,UNKNOWN,UNKNOWN,UNKNOWN,[],DISCOVERED,documented,False,HIGH,15,curated_public_job_board_catalog,,,,,,existing_v4.14_registry
CareerBliss,https://www.careerbliss.com/,Global,Global,job_marketplace,job_marketplace,candidate,NEEDS_ANALYSIS,UNKNOWN,UNKNOWN,UNKNOWN,[],DISCOVERED,documented,False,HIGH,15,curated_public_job_board_catalog,,,,,,existing_v4.14_registry
BumeranAR,https://www.bumeran.com.ar/,Global,Global,job_marketplace,job_marketplace,candidate,NEEDS_ANALYSIS,UNKNOWN,UNKNOWN,UNKNOWN,[],DISCOVERED,documented,False,HIGH,15,curated_public_job_board_catalog,,,,,,existing_v4.14_registry
ComputrabajoAR,https://www.computrabajo.com.ar/,Global,Global,job_marketplace,job_marketplace,candidate,NEEDS_ANALYSIS,UNKNOWN,UNKNOWN,UNKNOWN,[],DISCOVERED,documented,False,HIGH,15,curated_public_job_board_catalog,,,,,,existing_v4.14_registry
ZonajobsAR,https://www.zonajobs.com.ar/,Global,Global,job_marketplace,job_marketplace,candidate,NEEDS_ANALYSIS,UNKNOWN,UNKNOWN,UNKNOWN,[],DISCOVERED,documented,False,HIGH,15,curated_public_job_board_catalog,,,,,,existing_v4.14_registry
SEEK_AU,https://www.seek.com.au/,Global,Global,job_marketplace,job_marketplace,candidate,NEEDS_ANALYSIS,UNKNOWN,UNKNOWN,UNKNOWN,[],DISCOVERED,documented,False,HIGH,15,curated_public_job_board_catalog,,,,,,existing_v4.14_registry
CareerOneAU,https://www.careerone.com.au/,Global,Global,job_marketplace,job_marketplace,candidate,NEEDS_ANALYSIS,UNKNOWN,UNKNOWN,UNKNOWN,[],DISCOVERED,documented,False,HIGH,15,curated_public_job_board_catalog,,,,,,existing_v4.14_registry
AirtaskerAU,https://www.airtasker.com/,Global,Global,job_marketplace,job_marketplace,candidate,NEEDS_ANALYSIS,UNKNOWN,UNKNOWN,UNKNOWN,[],DISCOVERED,documented,False,HIGH,15,curated_public_job_board_catalog,,,,,,existing_v4.14_registry
EthicalJobsAU,https://ethicaljobs.com.au/,Global,Global,job_marketplace,job_marketplace,candidate,NEEDS_ANALYSIS,UNKNOWN,UNKNOWN,UNKNOWN,[],DISCOVERED,documented,False,HIGH,15,curated_public_job_board_catalog,,,,,,existing_v4.14_registry
ActirisBE,https://www.actiris.be/,Global,Global,job_marketplace,job_marketplace,candidate,NEEDS_ANALYSIS,UNKNOWN,UNKNOWN,UNKNOWN,[],DISCOVERED,documented,False,HIGH,15,curated_public_job_board_catalog,,,,,,existing_v4.14_registry
JobatBE,https://www.jobat.be/en,Global,Global,job_marketplace,job_marketplace,candidate,NEEDS_ANALYSIS,UNKNOWN,UNKNOWN,UNKNOWN,[],DISCOVERED,documented,False,HIGH,15,curated_public_job_board_catalog,,,,,,existing_v4.14_registry
VagasBR,https://www.vagas.com.br/,Global,Global,job_marketplace,job_marketplace,candidate,NEEDS_ANALYSIS,UNKNOWN,UNKNOWN,UNKNOWN,[],DISCOVERED,documented,False,HIGH,15,curated_public_job_board_catalog,,,,,,existing_v4.14_registry
JobbankCA,https://www.jobbank.gc.ca/jobsearch/,Global,Global,job_marketplace,job_marketplace,candidate,NEEDS_ANALYSIS,UNKNOWN,UNKNOWN,UNKNOWN,[],DISCOVERED,documented,False,HIGH,15,curated_public_job_board_catalog,,,,,,existing_v4.14_registry
JobillicoCA,https://www.jobillico.com/search-jobs,Global,Global,job_marketplace,job_marketplace,candidate,NEEDS_ANALYSIS,UNKNOWN,UNKNOWN,UNKNOWN,[],DISCOVERED,documented,False,HIGH,15,curated_public_job_board_catalog,,,,,,existing_v4.14_registry
JobsCZ,https://www.jobs.cz/en/,Global,Global,job_marketplace,job_marketplace,candidate,NEEDS_ANALYSIS,UNKNOWN,UNKNOWN,UNKNOWN,[],DISCOVERED,documented,False,HIGH,15,curated_public_job_board_catalog,,,,,,existing_v4.14_registry
CVEE,https://www.cv.ee/,Global,Global,job_marketplace,job_marketplace,candidate,NEEDS_ANALYSIS,UNKNOWN,UNKNOWN,UNKNOWN,[],DISCOVERED,documented,False,HIGH,15,curated_public_job_board_catalog,,,,,,existing_v4.14_registry
DuunitoriFI,https://duunitori.fi/,Global,Global,job_marketplace,job_marketplace,candidate,NEEDS_ANALYSIS,UNKNOWN,UNKNOWN,UNKNOWN,[],DISCOVERED,documented,False,HIGH,15,curated_public_job_board_catalog,,,,,,existing_v4.14_registry
CadremploiFR,https://www.cadremploi.fr/,Global,Global,job_marketplace,job_marketplace,candidate,NEEDS_ANALYSIS,UNKNOWN,UNKNOWN,UNKNOWN,[],DISCOVERED,documented,False,HIGH,15,curated_public_job_board_catalog,,,,,,existing_v4.14_registry
JobsiteUK,https://www.jobsite.co.uk/,Global,Global,job_marketplace,job_marketplace,candidate,NEEDS_ANALYSIS,UNKNOWN,UNKNOWN,UNKNOWN,[],DISCOVERED,documented,False,HIGH,15,curated_public_job_board_catalog,,,,,,existing_v4.14_registry
ReedUK,https://www.reed.co.uk/,Global,Global,job_marketplace,job_marketplace,candidate,NEEDS_ANALYSIS,UNKNOWN,UNKNOWN,UNKNOWN,[],DISCOVERED,documented,False,HIGH,15,curated_public_job_board_catalog,,,,,,existing_v4.14_registry
CVLibraryUK,https://www.cv-library.co.uk/,Global,Global,job_marketplace,job_marketplace,candidate,NEEDS_ANALYSIS,UNKNOWN,UNKNOWN,UNKNOWN,[],DISCOVERED,documented,False,HIGH,15,curated_public_job_board_catalog,,,,,,existing_v4.14_registry
StepStoneDE,https://www.stepstone.de/,Global,Global,job_marketplace,job_marketplace,candidate,NEEDS_ANALYSIS,UNKNOWN,UNKNOWN,UNKNOWN,[],DISCOVERED,documented,False,HIGH,15,curated_public_job_board_catalog,,,,,,existing_v4.14_registry
JobwareDE,https://www.jobware.de/,Global,Global,job_marketplace,job_marketplace,candidate,NEEDS_ANALYSIS,UNKNOWN,UNKNOWN,UNKNOWN,[],DISCOVERED,documented,False,HIGH,15,curated_public_job_board_catalog,,,,,,existing_v4.14_registry
GermanTechJobs,https://germantechjobs.de/,Global,Global,job_marketplace,job_marketplace,candidate,NEEDS_ANALYSIS,UNKNOWN,UNKNOWN,UNKNOWN,[],DISCOVERED,documented,False,HIGH,15,curated_public_job_board_catalog,,,,,,existing_v4.14_registry
JobsInBerlin,https://www.jobsinberlin.eu/,Global,Global,job_marketplace,job_marketplace,candidate,NEEDS_ANALYSIS,UNKNOWN,UNKNOWN,UNKNOWN,[],DISCOVERED,documented,False,HIGH,15,curated_public_job_board_catalog,,,,,,existing_v4.14_registry
JobrapidoIT,https://it.jobrapido.com/,Global,Global,job_marketplace,job_marketplace,candidate,NEEDS_ANALYSIS,UNKNOWN,UNKNOWN,UNKNOWN,[],DISCOVERED,documented,False,HIGH,15,curated_public_job_board_catalog,,,,,,existing_v4.14_registry
InfoJobsIT,https://www.infojobs.it/,Global,Global,job_marketplace,job_marketplace,candidate,NEEDS_ANALYSIS,UNKNOWN,UNKNOWN,UNKNOWN,[],DISCOVERED,documented,False,HIGH,15,curated_public_job_board_catalog,,,,,,existing_v4.14_registry
JobindexDK,https://www.jobindex.dk/,Global,Global,job_marketplace,job_marketplace,candidate,NEEDS_ANALYSIS,UNKNOWN,UNKNOWN,UNKNOWN,[],DISCOVERED,documented,False,HIGH,15,curated_public_job_board_catalog,,,,,,existing_v4.14_registry
SwissDevJobs,https://swissdevjobs.ch/,Global,Global,job_marketplace,job_marketplace,candidate,NEEDS_ANALYSIS,UNKNOWN,UNKNOWN,UNKNOWN,[],DISCOVERED,documented,False,HIGH,15,curated_public_job_board_catalog,,,,,,existing_v4.14_registry
WorkInEstonia,https://www.workinestonia.com/,Global,Global,job_marketplace,job_marketplace,candidate,NEEDS_ANALYSIS,UNKNOWN,UNKNOWN,UNKNOWN,[],DISCOVERED,documented,False,HIGH,15,curated_public_job_board_catalog,,,,,,existing_v4.14_registry
KariyerNetTR,https://www.kariyer.net/,Global,Global,job_marketplace,job_marketplace,candidate,NEEDS_ANALYSIS,UNKNOWN,UNKNOWN,UNKNOWN,[],DISCOVERED,documented,False,HIGH,15,curated_public_job_board_catalog,,,,,,existing_v4.14_registry
ToptalentTR,https://toptalent.co/,Global,Global,job_marketplace,job_marketplace,candidate,NEEDS_ANALYSIS,UNKNOWN,UNKNOWN,UNKNOWN,[],DISCOVERED,documented,False,HIGH,15,curated_public_job_board_catalog,,,,,,existing_v4.14_registry
VietnamDevs,https://vietnamdevs.com/,Global,Global,job_marketplace,job_marketplace,candidate,NEEDS_ANALYSIS,UNKNOWN,UNKNOWN,UNKNOWN,[],DISCOVERED,documented,False,HIGH,15,curated_public_job_board_catalog,,,,,,existing_v4.14_registry
HiredKenya,https://www.hired.co.ke/,Global,Global,job_marketplace,job_marketplace,candidate,NEEDS_ANALYSIS,UNKNOWN,UNKNOWN,UNKNOWN,[],DISCOVERED,documented,False,HIGH,15,curated_public_job_board_catalog,,,,,,existing_v4.14_registry
bugbounty.sa,https://bugbounty.sa,Saudi Arabia,Global,bug_bounty,bug_bounty,candidate,NEEDS_ANALYSIS,UNKNOWN,UNKNOWN,UNKNOWN,[],DISCOVERED,documented,False,HIGH,15,public_bug_bounty_catalog,,,,,,existing_v4.14_registry
bugbounty.qa,https://bugbounty.qa,Qatar,Global,bug_bounty,bug_bounty,candidate,NEEDS_ANALYSIS,UNKNOWN,UNKNOWN,UNKNOWN,[],DISCOVERED,documented,False,HIGH,15,public_bug_bounty_catalog,,,,,,existing_v4.14_registry
bugbounty.ae,https://bugbounty.ae,United Arab Emirates,Global,bug_bounty,bug_bounty,candidate,NEEDS_ANALYSIS,UNKNOWN,UNKNOWN,UNKNOWN,[],DISCOVERED,documented,False,HIGH,15,public_bug_bounty_catalog,,,,,,existing_v4.14_registry
HITCON_ZeroDay,https://zeroday.hitcon.org,Taiwan,Global,bug_bounty,bug_bounty,candidate,NEEDS_ANALYSIS,UNKNOWN,UNKNOWN,UNKNOWN,[],DISCOVERED,documented,False,HIGH,15,public_bug_bounty_catalog,,,,,,existing_v4.14_registry
CERT_In_RVDCP,https://www.cert-in.org.in/RVDCP.jsp,India,Global,bug_bounty,bug_bounty,candidate,NEEDS_ANALYSIS,UNKNOWN,UNKNOWN,UNKNOWN,[],DISCOVERED,documented,False,HIGH,15,public_bug_bounty_catalog,,,,,,existing_v4.14_registry
Japan_Vulnerability_Notes,https://jvn.jp/en/,Japan,Global,bug_bounty,bug_bounty,candidate,NEEDS_ANALYSIS,UNKNOWN,UNKNOWN,UNKNOWN,[],DISCOVERED,documented,False,HIGH,15,public_bug_bounty_catalog,,,,,,existing_v4.14_registry
DIVD,https://www.divd.nl,Netherlands,Global,bug_bounty,bug_bounty,candidate,NEEDS_ANALYSIS,UNKNOWN,UNKNOWN,UNKNOWN,[],DISCOVERED,documented,False,HIGH,15,public_bug_bounty_catalog,,,,,,existing_v4.14_registry
NCSC_FI_CVD,https://www.kyberturvallisuuskeskus.fi/en/report,Finland,Global,bug_bounty,bug_bounty,candidate,NEEDS_ANALYSIS,UNKNOWN,UNKNOWN,UNKNOWN,[],DISCOVERED,documented,False,HIGH,15,public_bug_bounty_catalog,,,,,,existing_v4.14_registry
OpenBounty_Shentu,https://openbounty.shentu.org,Global,Global,bug_bounty,bug_bounty,candidate,NEEDS_ANALYSIS,UNKNOWN,UNKNOWN,UNKNOWN,[],DISCOVERED,documented,False,HIGH,15,public_bug_bounty_catalog,,,,,,existing_v4.14_registry
Sherlock,https://sherlock.xyz,Global,Global,bug_bounty,bug_bounty,candidate,NEEDS_ANALYSIS,UNKNOWN,UNKNOWN,UNKNOWN,[],DISCOVERED,documented,False,HIGH,15,public_bug_bounty_catalog,,,,,,existing_v4.14_registry
SlowMist,https://slowmist.com,China,Global,bug_bounty,bug_bounty,candidate,NEEDS_ANALYSIS,UNKNOWN,UNKNOWN,UNKNOWN,[],DISCOVERED,documented,False,HIGH,15,public_bug_bounty_catalog,,,,,,existing_v4.14_registry
GraySwan_Arena,https://app.grayswan.ai/arena,USA,Global,bug_bounty,bug_bounty,candidate,NEEDS_ANALYSIS,UNKNOWN,UNKNOWN,UNKNOWN,[],DISCOVERED,documented,False,HIGH,15,public_bug_bounty_catalog,,,,,,existing_v4.14_registry
HackAPrompt,https://www.hackaprompt.com,USA,Global,bug_bounty,bug_bounty,candidate,NEEDS_ANALYSIS,UNKNOWN,UNKNOWN,UNKNOWN,[],DISCOVERED,documented,False,HIGH,15,public_bug_bounty_catalog,,,,,,existing_v4.14_registry
0din,https://0din.ai,USA,Global,bug_bounty,bug_bounty,candidate,NEEDS_ANALYSIS,UNKNOWN,UNKNOWN,UNKNOWN,[],DISCOVERED,documented,False,HIGH,15,public_bug_bounty_catalog,,,,,,existing_v4.14_registry
ZeroDayInitiative,https://zerodayinitiative.com,USA,Global,bug_bounty,bug_bounty,candidate,NEEDS_ANALYSIS,UNKNOWN,UNKNOWN,UNKNOWN,[],DISCOVERED,documented,False,HIGH,15,public_bug_bounty_catalog,,,,,,existing_v4.14_registry
IssueHunt,https://issuehunt.io,Japan,Global,bug_bounty,bug_bounty,candidate,NEEDS_ANALYSIS,UNKNOWN,UNKNOWN,UNKNOWN,[],DISCOVERED,documented,False,HIGH,15,public_bug_bounty_catalog,,,,,,existing_v4.14_registry
Patchstack,https://patchstack.com,Estonia,Global,bug_bounty,bug_bounty,candidate,NEEDS_ANALYSIS,UNKNOWN,UNKNOWN,UNKNOWN,[],DISCOVERED,documented,False,HIGH,15,public_bug_bounty_catalog,,,,,,existing_v4.14_registry
Wordfence_Bug_Bounty,https://www.wordfence.com/threat-intel/bug-bounty-program/,USA,Global,bug_bounty,bug_bounty,candidate,NEEDS_ANALYSIS,UNKNOWN,UNKNOWN,UNKNOWN,[],DISCOVERED,documented,False,HIGH,15,public_bug_bounty_catalog,,,,,,existing_v4.14_registry
360_SRC,https://src.360.net,China,Global,bug_bounty,bug_bounty,candidate,NEEDS_ANALYSIS,UNKNOWN,UNKNOWN,UNKNOWN,[],DISCOVERED,documented,False,HIGH,15,public_bug_bounty_catalog,,,,,,existing_v4.14_registry
BBHunt_Japan,https://bbhunt.jp,Japan,Global,bug_bounty,bug_bounty,candidate,NEEDS_ANALYSIS,UNKNOWN,UNKNOWN,UNKNOWN,[],DISCOVERED,documented,False,HIGH,15,public_bug_bounty_catalog,,,,,,existing_v4.14_registry
BI_ZONE_BugBounty,https://bugbounty.bi.zone,Russia,Global,bug_bounty,bug_bounty,candidate,NEEDS_ANALYSIS,UNKNOWN,UNKNOWN,UNKNOWN,[],DISCOVERED,documented,False,HIGH,15,public_bug_bounty_catalog,,,,,,existing_v4.14_registry
BountyTeam,https://www.bountyteam.com,China,Global,bug_bounty,bug_bounty,candidate,NEEDS_ANALYSIS,UNKNOWN,UNKNOWN,UNKNOWN,[],DISCOVERED,documented,False,HIGH,15,public_bug_bounty_catalog,,,,,,existing_v4.14_registry
BugBountySwitzerland,https://bugbounty.ch,Switzerland,Global,bug_bounty,bug_bounty,candidate,NEEDS_ANALYSIS,UNKNOWN,UNKNOWN,UNKNOWN,[],DISCOVERED,documented,False,HIGH,15,public_bug_bounty_catalog,,,,,,existing_v4.14_registry
BugHunt_BR,https://bughunt.com.br,Brazil,Global,bug_bounty,bug_bounty,candidate,NEEDS_ANALYSIS,UNKNOWN,UNKNOWN,UNKNOWN,[],DISCOVERED,documented,False,HIGH,15,public_bug_bounty_catalog,,,,,,existing_v4.14_registry
BugZero,https://bugzero.io,Sri Lanka,Global,bug_bounty,bug_bounty,candidate,NEEDS_ANALYSIS,UNKNOWN,UNKNOWN,UNKNOWN,[],DISCOVERED,documented,False,HIGH,15,public_bug_bounty_catalog,,,,,,existing_v4.14_registry
BugBank,https://www.bugbank.cn,China,Global,bug_bounty,bug_bounty,candidate,NEEDS_ANALYSIS,UNKNOWN,UNKNOWN,UNKNOWN,[],DISCOVERED,documented,False,HIGH,15,public_bug_bounty_catalog,,,,,,existing_v4.14_registry
Bugbop,https://bugbop.com,Australia,Global,bug_bounty,bug_bounty,candidate,NEEDS_ANALYSIS,UNKNOWN,UNKNOWN,UNKNOWN,[],DISCOVERED,documented,False,HIGH,15,public_bug_bounty_catalog,,,,,,existing_v4.14_registry
BugBounty_am,https://bugbounty.am,Armenia,Global,bug_bounty,bug_bounty,candidate,NEEDS_ANALYSIS,UNKNOWN,UNKNOWN,UNKNOWN,[],DISCOVERED,documented,False,HIGH,15,public_bug_bounty_catalog,,,,,,existing_v4.14_registry
BugBounty_ru,https://bugbounty.ru,Russia,Global,bug_bounty,bug_bounty,candidate,NEEDS_ANALYSIS,UNKNOWN,UNKNOWN,UNKNOWN,[],DISCOVERED,verified,False,HIGH,40,public_bug_bounty_catalog,,,,https://bugbounty.ru/,2026-09-11,existing_v4.14_registry
Buglab,https://buglab.io,Singapore,Global,bug_bounty,bug_bounty,candidate,NEEDS_ANALYSIS,UNKNOWN,UNKNOWN,UNKNOWN,[],DISCOVERED,documented,False,HIGH,15,public_bug_bounty_catalog,,,,,,existing_v4.14_registry
Bugloud,https://bugloud.com,United Arab Emirates,Global,bug_bounty,bug_bounty,candidate,NEEDS_ANALYSIS,UNKNOWN,UNKNOWN,UNKNOWN,[],DISCOVERED,documented,False,HIGH,15,public_bug_bounty_catalog,,,,,,existing_v4.14_registry
BugRakshak,https://www.bugrakshak.com,India,Global,bug_bounty,bug_bounty,candidate,NEEDS_ANALYSIS,UNKNOWN,UNKNOWN,UNKNOWN,[],DISCOVERED,documented,False,HIGH,15,public_bug_bounty_catalog,,,,,,existing_v4.14_registry
Bugv,https://bugv.io,Nepal,Global,bug_bounty,bug_bounty,candidate,NEEDS_ANALYSIS,UNKNOWN,UNKNOWN,UNKNOWN,[],DISCOVERED,documented,False,HIGH,15,public_bug_bounty_catalog,,,,,,existing_v4.14_registry
Butian,https://butian.net,China,Global,bug_bounty,bug_bounty,candidate,NEEDS_ANALYSIS,UNKNOWN,UNKNOWN,UNKNOWN,[],DISCOVERED,documented,False,HIGH,15,public_bug_bounty_catalog,,,,,,existing_v4.14_registry
CaptureTheBug,https://capturethebug.xyz,New Zealand,Global,bug_bounty,bug_bounty,candidate,NEEDS_ANALYSIS,UNKNOWN,UNKNOWN,UNKNOWN,[],DISCOVERED,documented,False,HIGH,15,public_bug_bounty_catalog,,,,,,existing_v4.14_registry
ComOlho,https://comolho.com,India,Global,bug_bounty,bug_bounty,candidate,NEEDS_ANALYSIS,UNKNOWN,UNKNOWN,UNKNOWN,[],DISCOVERED,documented,False,HIGH,15,public_bug_bounty_catalog,,,,,,existing_v4.14_registry
Crowdswarm,https://crowdswarm.io,United Arab Emirates,Global,bug_bounty,bug_bounty,candidate,NEEDS_ANALYSIS,UNKNOWN,UNKNOWN,UNKNOWN,[],DISCOVERED,documented,False,HIGH,15,public_bug_bounty_catalog,,,,,,existing_v4.14_registry
CyberTalents,https://cybertalents.com,Middle East,Global,bug_bounty,bug_bounty,candidate,NEEDS_ANALYSIS,UNKNOWN,UNKNOWN,UNKNOWN,[],DISCOVERED,documented,False,HIGH,15,public_bug_bounty_catalog,,,,,,existing_v4.14_registry
Federacy,https://federacy.com,USA,Global,bug_bounty,bug_bounty,candidate,NEEDS_ANALYSIS,UNKNOWN,UNKNOWN,UNKNOWN,[],DISCOVERED,documented,False,HIGH,15,public_bug_bounty_catalog,,,,,,existing_v4.14_registry
Findbug,https://findbug.io,Kosovo,Global,bug_bounty,bug_bounty,candidate,NEEDS_ANALYSIS,UNKNOWN,UNKNOWN,UNKNOWN,[],DISCOVERED,documented,False,HIGH,15,public_bug_bounty_catalog,,,,,,existing_v4.14_registry
Genbounty,https://genbounty.com,UK,Global,bug_bounty,bug_bounty,candidate,NEEDS_ANALYSIS,UNKNOWN,UNKNOWN,UNKNOWN,[],DISCOVERED,documented,False,HIGH,15,public_bug_bounty_catalog,,,,,,existing_v4.14_registry
GObugfree,https://gobugfree.com,Switzerland,Global,bug_bounty,bug_bounty,candidate,NEEDS_ANALYSIS,UNKNOWN,UNKNOWN,UNKNOWN,[],DISCOVERED,documented,False,HIGH,15,public_bug_bounty_catalog,,,,,,existing_v4.14_registry
Kaya_Iran_Intermediary,https://kaya.ir/projects,Iran,Iran,freelance_iran,freelance_marketplace,active,DAILY_PROJECT_SCAN,ALLOW,ALLOW,UNKNOWN,[],DISCOVERED,documented,False,HIGH,55,official_public_site_catalog,https://kaya.ir/,,,,2026-09-11,existing_v4.14_registry
ManMitonam_Iran,https://man-mitonam.ir/,Iran,Iran,freelance_iran,freelance_marketplace,candidate,DAILY_PROJECT_SCAN,ALLOW,ALLOW,UNKNOWN,[],DISCOVERED,documented,False,HIGH,45,secondary_current_catalog,https://man-mitonam.ir/,,,,,existing_v4.14_registry
FL_ru,https://www.fl.ru/projects/,Russia,Eastern Europe,job_marketplace,freelance_marketplace,candidate,GLOBAL_DISCOVERY,UNKNOWN,UNKNOWN,UNKNOWN,[],DISCOVERED,documented,False,HIGH,40,official_public_projects_page,,,,https://www.fl.ru/projects/,2026-09-11,official_public_projects_page
Freelance_ru,https://freelance.ru/project/,Russia,Eastern Europe,job_marketplace,freelance_marketplace,candidate,GLOBAL_DISCOVERY,UNKNOWN,UNKNOWN,UNKNOWN,[],DISCOVERED,documented,False,HIGH,40,official_public_projects_page,,,,https://freelance.ru/project/,2026-09-11,official_public_projects_page
Ureed_MENA,https://ureed.com/en/,MENA,Middle East,job_marketplace,freelance_marketplace,candidate,GLOBAL_DISCOVERY,UNKNOWN,UNKNOWN,UNKNOWN,[],DISCOVERED,documented,False,HIGH,40,official_public_marketplace,,,,https://ureed.com/en/,2026-09-11,official_public_marketplace
Tasklink_Qatar,https://www.tasklink.qa/,Qatar,Middle East,job_marketplace,freelance_marketplace,candidate,GLOBAL_DISCOVERY,UNKNOWN,UNKNOWN,UNKNOWN,[],DISCOVERED,documented,False,HIGH,40,official_public_marketplace,,,,https://www.tasklink.qa/,2026-09-11,official_public_marketplace
Kaasb_Iraq,https://kaasb.com/,Iraq,Middle East,job_marketplace,freelance_marketplace,candidate,GLOBAL_DISCOVERY,UNKNOWN,UNKNOWN,UNKNOWN,[],DISCOVERED,documented,False,HIGH,40,official_public_marketplace,,,,https://kaasb.com/,2026-09-11,official_public_marketplace
Freelancing_my,https://www.freelancing.my/,Malaysia,East Asia,job_marketplace,freelance_marketplace,candidate,GLOBAL_DISCOVERY,UNKNOWN,UNKNOWN,UNKNOWN,[],DISCOVERED,documented,False,HIGH,15,regional_market_discovery,,,,,,regional_market_discovery
FreelanceZone_Singapore,https://www.freelancezone.com.sg/,Singapore,East Asia,job_marketplace,freelance_marketplace,candidate,GLOBAL_DISCOVERY,UNKNOWN,UNKNOWN,UNKNOWN,[],DISCOVERED,documented,False,HIGH,40,official_public_marketplace,,,,https://www.freelancezone.com.sg/,2026-09-11,official_public_marketplace
ELancer_Korea,https://www.elancer.co.kr/,South Korea,East Asia,job_marketplace,freelance_marketplace,candidate,GLOBAL_DISCOVERY,UNKNOWN,UNKNOWN,UNKNOWN,[],DISCOVERED,documented,False,HIGH,40,official_public_marketplace,,,,https://www.elancer.co.kr/,2026-09-11,official_public_marketplace
CrowdWorks_Japan,https://crowdworks.jp/,Japan,East Asia,job_marketplace,freelance_marketplace,candidate,GLOBAL_DISCOVERY,UNKNOWN,UNKNOWN,UNKNOWN,[],DISCOVERED,documented,False,HIGH,15,regional_market_discovery,,,,,,regional_market_discovery
Lancers_Japan,https://www.lancers.jp/,Japan,East Asia,job_marketplace,freelance_marketplace,candidate,GLOBAL_DISCOVERY,UNKNOWN,UNKNOWN,UNKNOWN,[],DISCOVERED,documented,False,HIGH,40,official_public_marketplace,,,,https://www.lancers.jp/,2026-09-11,official_public_marketplace
Kwork,https://kwork.com/,Global,Global,job_marketplace,freelance_marketplace,candidate,BLOCKED_IRAN,BLOCK,BLOCK,UNKNOWN,[],LIVE_CONFIRMED,verified,False,HIGH,70,official_terms,https://kwork.com/terms_of_service,,,https://kwork.com/terms_of_service,2026-09-11,official_terms
Mostaql,https://mostaql.com/,Global,Global,job_marketplace,freelance_marketplace,candidate,BLOCKED_IRAN,BLOCK,BLOCK,UNKNOWN,[],LIVE_CONFIRMED,verified,False,HIGH,70,official_terms,https://mostaql.com/terms,,,https://mostaql.com/terms,2026-09-11,official_terms
Khamsat,https://khamsat.com/,Global,Global,job_marketplace,freelance_marketplace,candidate,BLOCKED_IRAN,BLOCK,BLOCK,UNKNOWN,[],LIVE_CONFIRMED,verified,False,HIGH,70,official_terms,https://khamsat.com/terms,,,https://khamsat.com/terms,2026-09-11,official_terms
Standoff365_BugBounty,https://bugbounty.standoff365.com/,Russia,Eastern Europe,bug_bounty,bug_bounty,candidate,GLOBAL_DISCOVERY,UNKNOWN,UNKNOWN,UNKNOWN,[],DISCOVERED,verified,False,HIGH,40,regional_bug_bounty_catalog_2026,,,,https://bugbounty.standoff365.com/en-US/business/,2026-09-11,regional_bug_bounty_catalog_2026
BIZONE_BugBounty,https://bugbounty.bi.zone/,Russia,Eastern Europe,bug_bounty,bug_bounty,candidate,GLOBAL_DISCOVERY,UNKNOWN,UNKNOWN,UNKNOWN,[],DISCOVERED,verified,False,HIGH,40,regional_bug_bounty_catalog_2026,,,,https://bugbounty.bi.zone/,2026-09-11,regional_bug_bounty_catalog_2026
Bugloud_UAE,https://bugloud.com/,UAE,Middle East,bug_bounty,bug_bounty,candidate,GLOBAL_DISCOVERY,UNKNOWN,UNKNOWN,UNKNOWN,[],DISCOVERED,verified,False,HIGH,40,regional_bug_bounty_catalog_2026,,,,https://bugloud.com/,2026-09-11,regional_bug_bounty_catalog_2026
BugBounty_Singapore,https://buglab.sg/,Singapore,East Asia,bug_bounty,bug_bounty,candidate,GLOBAL_DISCOVERY,UNKNOWN,UNKNOWN,UNKNOWN,[],DISCOVERED,documented,False,HIGH,25,regional_bug_bounty_catalog_2026,,,,,2026-09-11,regional_bug_bounty_catalog_2026
BugBounter_Turkey,https://bugbounter.com/,Türkiye,Middle East,bug_bounty,bug_bounty,candidate,GLOBAL_DISCOVERY,UNKNOWN,UNKNOWN,UNKNOWN,[],DISCOVERED,documented,False,HIGH,25,regional_bug_bounty_catalog_2026,,,,,2026-09-11,regional_bug_bounty_catalog_2026
PatchDay_Korea,https://patchday.io/,South Korea,East Asia,bug_bounty,bug_bounty,candidate,GLOBAL_DISCOVERY,UNKNOWN,UNKNOWN,UNKNOWN,[],DISCOVERED,documented,False,HIGH,25,regional_bug_bounty_catalog_2026,,,,,2026-09-11,regional_bug_bounty_catalog_2026
TumarOne_Kazakhstan,https://tumar.one/,Kazakhstan,Central Asia,bug_bounty,bug_bounty,candidate,GLOBAL_DISCOVERY,UNKNOWN,UNKNOWN,UNKNOWN,[],DISCOVERED,documented,False,HIGH,25,regional_bug_bounty_catalog_2026,,,,,2026-09-11,regional_bug_bounty_catalog_2026
Vulbox_China,https://vulbox.com/,China,East Asia,bug_bounty,bug_bounty,candidate,GLOBAL_DISCOVERY,UNKNOWN,UNKNOWN,UNKNOWN,[],DISCOVERED,documented,False,HIGH,25,regional_bug_bounty_catalog_2026,,,,,2026-09-11,regional_bug_bounty_catalog_2026
CaptureTheBug_NZ,https://capturethebug.com/,New Zealand,Oceania,bug_bounty,bug_bounty,candidate,GLOBAL_DISCOVERY,UNKNOWN,UNKNOWN,UNKNOWN,[],DISCOVERED,documented,False,HIGH,25,regional_bug_bounty_catalog_2026,,,,,2026-09-11,regional_bug_bounty_catalog_2026
OmanJobs_OM,https://www.omanjobs.om/,Oman,Middle East,job_board,job_board,candidate,GLOBAL_DISCOVERY,UNKNOWN,UNKNOWN,UNKNOWN,[],DISCOVERED,documented,False,HIGH,15,current_regional_discovery_2026-09-11,,,,,,current_regional_discovery_2026-09-11
TalentPortal_Bahrain,https://www.talentportal.bh/,Bahrain,Middle East,job_board,job_board,candidate,GLOBAL_DISCOVERY,UNKNOWN,UNKNOWN,UNKNOWN,[],DISCOVERED,documented,False,HIGH,15,current_regional_discovery_2026-09-11,,,,,,current_regional_discovery_2026-09-11
104_Taiwan,https://www.104.com.tw/,Taiwan,East Asia,job_board,job_board,candidate,GLOBAL_DISCOVERY,UNKNOWN,UNKNOWN,UNKNOWN,[],DISCOVERED,documented,False,HIGH,15,current_regional_discovery_2026-09-11,,,,,,current_regional_discovery_2026-09-11
AuditOne,https://auditone.io,Europe,Europe,bug_bounty,bug_bounty,candidate,GLOBAL_DISCOVERY,UNKNOWN,UNKNOWN,UNKNOWN,[],DISCOVERED,documented,False,HIGH,15,catalog_discovery,,,,,,disclose-bug-bounty-platforms
BugRap,https://bugrap.io,Global,Global,bug_bounty,bug_bounty,candidate,GLOBAL_DISCOVERY,UNKNOWN,UNKNOWN,UNKNOWN,[],DISCOVERED,documented,False,HIGH,15,catalog_discovery,,,,,,disclose-bug-bounty-platforms
Cantina,https://cantina.xyz,USA,USA,bug_bounty,bug_bounty,candidate,GLOBAL_DISCOVERY,UNKNOWN,UNKNOWN,UNKNOWN,[],DISCOVERED,documented,False,HIGH,15,catalog_discovery,,,,,,disclose-bug-bounty-platforms
CertiK_Bug_Bounty,https://www.certik.com,USA,USA,bug_bounty,bug_bounty,candidate,GLOBAL_DISCOVERY,UNKNOWN,UNKNOWN,UNKNOWN,[],DISCOVERED,documented,False,HIGH,15,catalog_discovery,,,,,,disclose-bug-bounty-platforms
Code4rena,https://code4rena.com,Global,Global,bug_bounty,bug_bounty,candidate,GLOBAL_DISCOVERY,UNKNOWN,UNKNOWN,UNKNOWN,[],DISCOVERED,documented,False,HIGH,15,catalog_discovery,,,,,,disclose-bug-bounty-platforms
CodeHawks,https://codehawks.com,Global,Global,bug_bounty,bug_bounty,candidate,GLOBAL_DISCOVERY,UNKNOWN,UNKNOWN,UNKNOWN,[],DISCOVERED,documented,False,HIGH,15,catalog_discovery,,,,,,disclose-bug-bounty-platforms
Hats_Finance,https://hats.finance,Global,Global,bug_bounty,bug_bounty,candidate,GLOBAL_DISCOVERY,UNKNOWN,UNKNOWN,UNKNOWN,[],DISCOVERED,documented,False,HIGH,15,catalog_discovery,,,,,,disclose-bug-bounty-platforms
Remedy,https://remedy.qa,Global,Global,bug_bounty,bug_bounty,candidate,GLOBAL_DISCOVERY,UNKNOWN,UNKNOWN,UNKNOWN,[],DISCOVERED,documented,False,HIGH,15,catalog_discovery,,,,,,disclose-bug-bounty-platforms
Secure3,https://secure3.io,Global,Global,bug_bounty,bug_bounty,candidate,GLOBAL_DISCOVERY,UNKNOWN,UNKNOWN,UNKNOWN,[],DISCOVERED,documented,False,HIGH,15,catalog_discovery,,,,,,disclose-bug-bounty-platforms
HackenProof_Alt,https://hackenproof.com,Global,Global,bug_bounty,bug_bounty,candidate,GLOBAL_DISCOVERY,UNKNOWN,UNKNOWN,UNKNOWN,[],DISCOVERED,documented,False,HIGH,15,catalog_discovery,,,,,,disclose-bug-bounty-platforms
Hackrate,https://hackrate.com,Europe,Europe,bug_bounty,bug_bounty,candidate,GLOBAL_DISCOVERY,UNKNOWN,UNKNOWN,UNKNOWN,[],DISCOVERED,documented,False,HIGH,15,catalog_discovery,,,,,,disclose-bug-bounty-platforms
Huntr,https://huntr.com,UK,UK,bug_bounty,bug_bounty,candidate,GLOBAL_DISCOVERY,UNKNOWN,UNKNOWN,UNKNOWN,[],DISCOVERED,documented,False,HIGH,15,catalog_discovery,,,,,,disclose-bug-bounty-platforms
Singapore_GovTech_VDP,https://www.tech.gov.sg/report-vulnerability,Singapore,Singapore,bug_bounty,bug_bounty,candidate,GLOBAL_DISCOVERY,UNKNOWN,UNKNOWN,UNKNOWN,[],DISCOVERED,documented,False,HIGH,15,catalog_discovery,,,,,,disclose-bug-bounty-platforms
KISA_Korea_VDP,https://www.krcert.or.kr,South Korea,South Korea,bug_bounty,bug_bounty,candidate,GLOBAL_DISCOVERY,UNKNOWN,UNKNOWN,UNKNOWN,[],DISCOVERED,documented,False,HIGH,15,catalog_discovery,,,,,,disclose-bug-bounty-platforms
Taiwan_Vulnerability_Note,https://www.twcert.org.tw,Taiwan,Taiwan,bug_bounty,bug_bounty,candidate,GLOBAL_DISCOVERY,UNKNOWN,UNKNOWN,UNKNOWN,[],DISCOVERED,documented,False,HIGH,15,catalog_discovery,,,,,,disclose-bug-bounty-platforms
NCSC_NL_CVD,https://www.ncsc.nl/contact/kwetsbaarheid-melden,Netherlands,Netherlands,bug_bounty,bug_bounty,candidate,GLOBAL_DISCOVERY,UNKNOWN,UNKNOWN,UNKNOWN,[],DISCOVERED,documented,False,HIGH,15,catalog_discovery,,,,,,disclose-bug-bounty-platforms
CERT_Polska_CVD,https://cert.pl/en/,Poland,Poland,bug_bounty,bug_bounty,candidate,GLOBAL_DISCOVERY,UNKNOWN,UNKNOWN,UNKNOWN,[],DISCOVERED,documented,False,HIGH,15,catalog_discovery,,,,,,disclose-bug-bounty-platforms
Lithuania_CVD,https://www.nksc.lt/en/,Lithuania,Lithuania,bug_bounty,bug_bounty,candidate,GLOBAL_DISCOVERY,UNKNOWN,UNKNOWN,UNKNOWN,[],DISCOVERED,documented,False,HIGH,15,catalog_discovery,,,,,,disclose-bug-bounty-platforms
BugBountyBox,https://bugbountybox.com,Kenya,Kenya,bug_bounty,bug_bounty,candidate,GLOBAL_DISCOVERY,UNKNOWN,UNKNOWN,UNKNOWN,[],DISCOVERED,documented,False,HIGH,15,catalog_discovery,,,,,,disclose-bug-bounty-platforms
Nordic_Defender,https://nordicdefender.com,Sweden,Sweden,bug_bounty,bug_bounty,candidate,GLOBAL_DISCOVERY,UNKNOWN,UNKNOWN,UNKNOWN,[],DISCOVERED,documented,False,HIGH,15,catalog_discovery,,,,,,disclose-bug-bounty-platforms
Standoff365,https://standoff365.com,Russia,Russia,bug_bounty,bug_bounty,candidate,GLOBAL_DISCOVERY,UNKNOWN,UNKNOWN,UNKNOWN,[],DISCOVERED,documented,False,HIGH,15,catalog_discovery,,,,,,disclose-bug-bounty-platforms
SafeVuln,https://safevuln.com,Vietnam,Vietnam,bug_bounty,bug_bounty,candidate,GLOBAL_DISCOVERY,UNKNOWN,UNKNOWN,UNKNOWN,[],DISCOVERED,documented,False,HIGH,15,catalog_discovery,,,,,,disclose-bug-bounty-platforms
TumarOne,https://tumar.one,Kazakhstan,Kazakhstan,bug_bounty,bug_bounty,candidate,GLOBAL_DISCOVERY,UNKNOWN,UNKNOWN,UNKNOWN,[],DISCOVERED,documented,False,HIGH,15,catalog_discovery,,,,,,disclose-bug-bounty-platforms
ZeroDay_Test_Bangladesh,https://zerodaytest.com,Bangladesh,Bangladesh,bug_bounty,bug_bounty,candidate,GLOBAL_DISCOVERY,UNKNOWN,UNKNOWN,UNKNOWN,[],DISCOVERED,documented,False,HIGH,15,catalog_discovery,,,,,,disclose-bug-bounty-platforms
Rubika,https://rubika.ir/,Iran,Iran,social_platform,social_platform,candidate,DAILY_PROJECT_SCAN,ALLOW,ALLOW,UNKNOWN,[],DISCOVERED,documented,False,HIGH,45,research_bootstrap_2026,https://rubika.ir/,,,,,research_bootstrap_2026
Gap_Iran,https://gap.im/,Iran,Iran,social_platform,social_platform,candidate,DAILY_PROJECT_SCAN,ALLOW,ALLOW,UNKNOWN,[],DISCOVERED,documented,False,HIGH,45,research_bootstrap_2026,https://gap.im/,,,,,research_bootstrap_2026
iGap_Iran,https://igap.net/,Iran,Iran,social_platform,social_platform,candidate,DAILY_PROJECT_SCAN,ALLOW,ALLOW,UNKNOWN,[],DISCOVERED,documented,False,HIGH,45,research_bootstrap_2026,https://igap.net/,,,,,research_bootstrap_2026
Virasty_Iran,https://virasty.com/,Iran,Iran,social_platform,social_platform,candidate,DAILY_PROJECT_SCAN,ALLOW,ALLOW,UNKNOWN,[],DISCOVERED,documented,False,HIGH,45,research_bootstrap_2026,https://virasty.com/,,,,,research_bootstrap_2026
Shad_Iran,https://shad.ir/,Iran,Iran,social_platform,social_platform,candidate,DAILY_PROJECT_SCAN,ALLOW,ALLOW,UNKNOWN,[],DISCOVERED,documented,False,HIGH,45,research_bootstrap_2026,https://shad.ir/,,,,,research_bootstrap_2026
BOSS_Zhipin_CN,https://www.zhipin.com/,China,East Asia,job_board,job_board,candidate,GLOBAL_DISCOVERY,UNKNOWN,UNKNOWN,UNKNOWN,[],DISCOVERED,documented,False,HIGH,15,research_bootstrap_2026,,,,,,research_bootstrap_2026
Zhaopin_CN,https://www.zhaopin.com/,China,East Asia,job_board,job_board,candidate,GLOBAL_DISCOVERY,UNKNOWN,UNKNOWN,UNKNOWN,[],DISCOVERED,documented,False,HIGH,15,research_bootstrap_2026,,,,,,research_bootstrap_2026
1111_Taiwan,https://www.1111.com.tw/,Taiwan,East Asia,job_board,job_board,candidate,GLOBAL_DISCOVERY,UNKNOWN,UNKNOWN,UNKNOWN,[],DISCOVERED,documented,False,HIGH,15,research_bootstrap_2026,,,,,,research_bootstrap_2026
Bionluk_TR,https://bionluk.com/,Türkiye,Middle East,job_marketplace,freelance_marketplace,candidate,GLOBAL_DISCOVERY,UNKNOWN,UNKNOWN,UNKNOWN,[],DISCOVERED,documented,False,HIGH,15,research_bootstrap_2026,,,,,,research_bootstrap_2026
Hubstaff,https://hubstaff.com/,Global,Global,market_intelligence,market_intelligence,candidate,BLOCKED_IRAN,BLOCK,BLOCK,UNKNOWN,[],DISCOVERED,documented,False,HIGH,70,official_current_policy_research_2026,https://hubstaff.com/terms,,,https://hubstaff.com/terms,2026-09-11,official_current_policy_research_2026
DigitalOcean,https://www.digitalocean.com/,Global,Global,market_intelligence,market_intelligence,candidate,BLOCKED_IRAN,BLOCK,BLOCK,UNKNOWN,[],DISCOVERED,documented,False,HIGH,70,official_current_policy_research_2026,https://www.digitalocean.com/legal/terms-of-service-agreement-november-2025,,,https://www.digitalocean.com/legal/terms-of-service-agreement-november-2025,2026-09-11,official_current_policy_research_2026
